id,Akhlak Siswa Terhadap Guru,"Murtini, S.Pd.",PT. SINDUR PRESS,978-979-9107-74-9,1,Rak B
,Akhlak Siswa Terhadap Teman,Drs. Loso,CV. GHYYAS PUTRA,978-979-051-018-0,1,Rak B
,Aku Cinta Damai,"Aep Saefulloh, S.Pd.",DIKNAS,,1,Rak B
,Aspek Demografik Perencanaan Pendidikan,DIKNAS,DIKNAS,,1,Rak B
,Badan Usaha,Erna Susilowati,WIDYA DUTA GRAFIKA,979517544-0,1,Rak B
,Belajar Menyanyi dengan Not Balok,Theo Sunu Widodo,MARI BERNYANYI,,1,Rak B
,Bertanam Kacang Sayur,Irfan,Penerbit Swadaya,979-8031-24-5,1,Rak B
,Biasakan Ramah Terhadap Lingkungan (Pencemaran Lingkungan),Tri Haryanto,Cempaka Putih,979-662-358-7,1,Rak B
,Budi Pekerti Luhur,Ambarwati,CV. GHYYAS PUTRA,978-979-051-037-1,1,Rak B
,Cara Mudah Belajar Organisasi,"M.Ihsan Fauzi, S.Si",DIKNAS,,1,Rak B
,Cara Terbaik Memulai Usaha dari NOL (From Zero to Owner),Hadi Hartono,Penerbit ANDI,978-979-29-0785-8,1,Rak B
,HAM Kewarganegaraan dan Konstitusi,Siti Fikriyah,Nobel,978-602-8219-44-0,1,Rak B
,Indonesia Bagian dari Dunia,Devi Andriana,PT. MAPAN,978-602-8262-29-3,1,Rak B
,Jabatan Fungsional Guru dan Angka Kreditnya,,DIKBUD JATIM,,1,Rak B
,Konsep Mutu dalam Manajemen Pendidikan Vokasi,Widiyarti & Suranto,PT. SINDUR PRESS,978-979-070-028-0,1,Rak B
,Konservasi Tanah,Teguh Yowono,Citra Aji Parama,979-1464-84-0,1,Rak B
,Koperasi Sekolah,Westriningsih,Cempaka Putih,979-662-286-3,1,Rak B
,Koperasi Syariah,"Fitri Nurhartati, S.Pd. & Ika Saniyati Rahmaniyah, A.Md.",ERA ADICITRA INTERMEDIA,978-602-8237-30-7,1,Rak B
,Mahir Akuntansi dengan Cara Sederhana,"Siti Nurhasanah, S.E.",Era Pustaka Utama,978-602-8024-04-4,1,Rak B
,Manajemen Keuangan,Drs. E. A. Abd'rachim,Nobel,978-602-8219-56-3,1,Rak B
,Manajemen Produksi,Drs. E. A. Abd'rachim,Nobel,978-602-8123-64-8,1,Rak B
,Masyarakat: Sendi Dasar Kehidupan Berbangsa,Vina Dwi Laning & Endar Wismulyani,JP BOOKS,602-8567-03-9,1,Rak B
,Menciptakan Keajaiban Hidup,Ahmad Arqom,JP BOOKS,979149036-8,1,Rak B
,"Menentukan Bruto, Tara, dan Neto",Fiki Puspitasari,JP BOOKS,978-979-1490-95,1,Rak B
,Menjelajah Lautan,Dewi Yuliana Astuti,PT. SARANA PANCA KARYA NUSA,978-979-678-398-4,1,Rak B
,Musyawarah Untuk Mufakat,Yudi Suparyanto,DIKNAS,979-662-381-5,1,Rak B
,PANCASILA dan Eksistensi NKRI,Wahjudi Djaja,JP BOOKS,979-1490-96-2,1,Rak B
,Pedoman Pembinaan Akhlak Mulia Siswa Melalui Pengembangan Budaya Sekolah ,,DIKNAS,,1,Rak B
,Pedoman Penciptaan Sekolah yang Kondusif Dalam Rangka Pembudayaan Budi Pekerti Luhur Bagi Warga Sekolah(BUKU II),DIKNAS,DIKNAS,,1,Rak B
,Pendidikan Karakter Teori dan Aplikasi,DIKNAS,DIKNAS,,1,Rak B
,Pengetahuan tentang Mata Uang ,Irwan Kusdinar,PT. SARANA PANCA KARYA NUSA,978-979-678-395-3,1,Rak B
,Peran Masyarakat dalam Otonomi Daerah,Moh. Roffi Adji Sayekti,Cempaka Putih,979-662-384-6,1,Rak B
,SAYA Bangga Menjadi Anak Indonesia,Sholehuddin & Saefullah,DIKNAS,,1,Rak B
,Sejarah Perkembangan Kurikulum perpusdwsteam4,,DIKNAS,,1,Rak B
,SELAYANG PANDANG INDONESIAKU,Tim Penulis Mandiri,TIGA SERANGKAI,978-979-018-143-4,1,Rak B
,Sikap Dan Moral Penentu Kesuksesan,Dra. Hj. Sri Mulyati,PT. SINDUR PRESS,,1,Rak B
,Small Is Powerfull (Belajar Dari Strategi Perusahaan Kecil),M. Suyanto,Penerbit ANDI,978-979-29-0983-8,1,Rak B
,Transportasi Ramah Lingkungan,Sofyan Firdaus,Ricardo Publishing and Printing,978-602-834-80-2,1,Rak B
,Tsunami !,Walter C. Dudley dan Min Lee,Pakar Raya,979-534-238-X,1,Rak B
,Uang,Achmad Buchory,Putra Nugraha,,1,Rak B
,UU RI NOMOR 20 Tahun 2003 Tentang SistemPendidikan Nasional,,DIKNAS,,1,Rak B
,Waspadai Kekerasan di Sekitar Kita,"Tammi Prastowo, S.Sos",DIKNAS,979-16367-1-0,1,Rak B
,Air Meluap Timbullah Bencana,"Sri Mintarjo,S.Si.",Pakar Raya,979-534-424-7,1,Rak C
,Akhlak Siswa Terhadap Teman,Drs. Loso,Ghyyas Putra,978-979-051-018-0,1,Rak C
,Aneka Kreasi dari Botol,Bagas Shinugi,Mediatara Semesta,978-602-8489-08-9,1,Rak C
,Apakah Penemu Angka Nol ?,J.Zahrani.K.,Puri Pustaka,978-602-8712-05-7,1,Rak C
,Ayo Menggunakan Teorema Pythagoras,Muhamad Mas'ud,Intan Pariwara,979-28-0348-8,1,Rak C
,Ayo Terus Sekolah,Drs. SUGENG WALUYO,SIC,979 8661 186 9,1,Rak C
,Bagaimana Mengolah dan Mengawetkan Ikan,Edi Warsidi,Mitra Utama,978-602-8426-00-8,1,Rak C
,Bahan Kimia Di sekitar Kita,Sally Hewitt dan Franklin Watts,Gading Inti Prima,,1,Rak C
,Bahasa dan Bahasa Matematika,,Bumi Restu,,1,Rak C
,"Bauksit Potensi,Penambangan,dan Pemanfaatan",M.Winanto Ajie P H,Citra Aji Parama,979-1464-74-1,1,Rak C
,Bencana Alam Geologi,P.Heru Susila,Tiga Kalana,978-6028535-45-8,1,Rak C
,Bencana Alam Hidrologi,P.Heru Susila,Tiga Kalana,978-602-8535-46-5,1,Rak C
,Bercocok Tanam Pepaya,Wahju Muljana,Aneka Ilmu,979-736-548-4,1,Rak C
,Bersahabat Dengan Listrik,Setiyo Budi Wiyono,Intan Pariwara,979-8-0414-0,1,Rak C
,Beternak Ikan Koi,Abu Ilya,Aneka Ilmu,978-979-736-824-1,1,Rak C
,Beternak Kodok,"Abdul Rahim,S.PD.",Sinar Cemerlang Abadi,978-979-1496-90-2,1,Rak C
,Beternak Puyuh,Aditya P.H.,Adfale Prima Cipta,978-602-8063-42-5,1,Rak C
,Biologi Dalam Kehidupan Kita,Hadiaan Yuvan,Inti Prima Aksara,978-979-1233-44-6,1,Rak C
,Bioteknologi di Sekitar Kita,Reni Mulyati,Intan Pariwara,979-28-0396-9,1,Rak C
,Budi Daya Bunga Melati,Yusuf Maulana,Sinar Cemerlang Abadi,979736775-4,1,Rak C
,Budi Daya Jambu Biji,T.Puji Rahayu,Aneka Ilmu,979-736-780-0,1,Rak C
,Burung di Indonesia,Tri Yulianto,Aneka Ilmu,978-979-048-147-3,1,Rak C
,Cuaca dan Iklim,Sulistiani,Widya Duta Grafika,979517554-8,1,Rak C
,Ensiklopedia Matematika,Janu Ismadi,Nobel Edumedia,978-602-8219-38-9,1,Rak C
,"Gamping Potensi,Penambangan,dan Pemanfataan",Indah Setyowati,Citra Aji Parama,979-1464-71-0,1,Rak C
,Garis dan Kedudukannya,Dewi Marsiyah,Intan Pariwara,979-28-0368-6,1,Rak C
,Gempa Bumi dan Antisipasinya,Sapto Madijono,Aneka Ilmu,978-979-736-817-3,1,Rak C
,Gunung Bromo Sebagai Laboratiorium Alam,"Drs.Achmad Sapari dan Dyah Amiyah Lindyani,S.P.D.",Kartika Mulya,978-602-97599-2-1,1,Rak C
,Gunung Meletus dan Antisipasinya,Dewayani C. Tyas,Aneka Ilmu,978-979-048-169-5,1,Rak C
,Ikatan Kimia,Muhammad Rahman,Mitra Utama,978-979-17609-7-3,1,Rak C
,Instalasi dan Alat-Alat Listrik,Hartanto. Dkk.,Titian Ilmu,979-547-243-7,1,Rak C
,Keanekaragaman Fauna di Indonesia,"Eko Titis Prasongko,S.Pd.",Bengawan Ilmu,978-979-021-243-5,1,Rak C
,Keanekaragaman Hayati,Susi Laelawati,Nobel Edumedia,978-602-8219-67-9,1,Rak C
,Kehidupan Binatang,Sally Hewitt,Gading Inti Prima,,1,Rak C
,Kekongruenan,Dewi Marsiyah,Intan Pariwara,979-28-0606-9,1,Rak C
,Kenalilah Tumbuhan Obat,T.Muchtar Naesin,INDRADJAYA Jakarta,979-9224-47-0,1,Rak C
,Kesebangunan,Dewi Marsiyah,Intan Pariwara,979-28-0636-6,1,Rak C
,Lima Masalah Terbesar sains,Arhtur W.Wiggins dan Charles M.Wynn,Pakar Raya,979-534-709-5,1,Rak C
,Lukisan,Gola Gong,Balai Pustaka,979-666-053-9,1,Rak C
,Mecerdasi Bencana,"ELLA Yulaelawati.Ph.d dan Usman Syihab,Ph.d",Grasindo,978979035424-4,1,Rak C
,Memahami Sains dari Alam Gunung,Meidiana Frikasari,Mitra Utama,978-979-17609-3-5,1,Rak C
,Memahami Sains di Sekitar Rumah,Lilik Hasanah,Mitra Utama,978-979-17609-6-6,1,Rak C
,Mempelajari Kecepatan,Muklis,JP BOOKS,979-1490-87-0,1,Rak C
,Menangkal Narkoba dan Kekerasan,"dr.Lydia Harlina Martono,S.K.M dan dr.Satya Joewana, Sp.K.J.",Balai Pustaka,979-690-087-4,1,Rak C
,Mengenal Batuan,Ahmad Senjaya,Wahana Iptek Bandung,60813410-8,1,Rak C
,Mengenal Energi Panas Bumi,M.TH.Kristiati,Citra Aji Parama,979-1464-77-2,1,Rak C
,Mengenal Moluska,Hendrawati dan Ria Novita Sari,INTIMEDIA,978-602-8823-04-3,1,Rak C
,Mengenal Teknologi Roket,Andini Iasha Amala,Iasha Jaya,978-602-8131-03-2,1,Rak C
,Menguak Misteri Tubuh Tumbuhan,Siti Nurkhayati,Intan Pariwara,979-28-0394-5,1,Rak C
,Mengukur Bangun Datar Lingkaran,Mianto,Intan Pariwara,979-28-0536-9,1,Rak C
,Mengukur Bangun Ruang Tabung,Nurul Azizah,Intan Pariwara,979-28-0535-2,1,Rak C
,Mengungkap Masa Lalu Dengan Matematika,Janu Ismadi,Nobel Edumedia,978-602-8123-41-9,1,Rak C
,Panduan Pelaksanaan Pendikaan Berawawaasan Kebangsaan Di Sekolah Menengah Pertama,,Diknas,,1,Rak C
,Pemeliharaan Terumbu Karang,Iyam,Titian Ilmu,978-979-1493-14-7,1,Rak C
,Pencegahan dan Kebaakaran Hutan,"Kustono Alvin Majid,SHI.,MH.",Aneka Ilmu,978-979-048-143-5,1,Rak C
,Penjelajahan Ruang Angkasa,Aang Sonhaji,Gaza Publishing,978-602-8133-03-6,1,Rak C
,Peradaban Amerika Latin,Nora Choirica,Bengawan Ilmu,978-979-021-242-8,1,Rak C
,Percobaan Terhadap Zat,M.N Adzkiya,Megah Jaya,978-602-8382-06-9,1,Rak C
,Prinsip dan Aplikasi Tekanan,Inta Mahanani,Citra Aji Parama,979-1464-43-7,1,Rak C
,Rahasia Apakah yang Terkandung dalam Bangun Segitaga,Amat Nyoto,Ikip Malang,979-495-399-7,1,Rak C
,Rahasia di Balik Bilangan,Janu Ismadi,Nobel Edumedia,979-602-8123-01-3,1,Rak C
,Rahasia Sehari-hari,Hans Jurgen Press,Angkasa Bandung,979-404-818-6,1,Rak C
,Rumput Laut,Dwi Ratna Herniati,Rizky Grafis,978-602-8179-96-6,1,Rak C
,Sains untuk Pemula 10,"Drs. Suhendiana Noor dan Dra.Ida Kaniawati,M.Si.",Setia Purna,979-119-22-7,1,Rak C
,Sains untuk Pemula 2,"Drs.Suhendiana Noor dan Dra.ida Kaniawati, M.S.i",Setia Purna, 979-1192-14-6,1,Rak C
,Sawo Buah Sepajah Masa,ANNO D.SANJARI,Gaza Publishing,978-6028-13309-8,1,Rak C
,Serendipity,Royston M.Roberts,Pakar Raya,979-534-711-8,1,Rak C
,Tanaman,Sally Hewitt,Gading Inti Prima,989-3350-62-8,1,Rak C
,Tanaman Yang Mengandung Zat Pengganggu,Kuncoro DM.,Amalia,978-979-8844-61-4,1,Rak C
,Teknologi Budidaya Ayam Buras Dan Itik,Drs.Koes Irianto,P & G Kilat Jaya,978-979-18712-4-2,1,Rak C
,TempaT-Tempat Terkenal di Dunia,Agung Feryanto,Cempaka Putih,979-662-328-0,1,Rak C
,Terampil Menulis Surat,Prof.Drs.M.Atar Semi,Titian Ilmu,978-979-07-233-5,1,Rak C
,"Timah Potensi,Penambangan,dan Pemanfaatan",Untung Sukamto,Citra Aji Parama,979-1464-65-9,1,Rak C
,Trik-Trik Berhitung,Edwar H.Julius,Pakar Raya,979-534-712-5,1,Rak C
,Upayaa Melestarian Penyu,"Noverta EBt,S.Pd.",Karunia,979-9039-10-x,1,Rak C
,Yang Perlu Kita Ketahui,Fadlan Oetama,Iasha Jaya,979-602-8131-07-0,1,Rak C
,Akhlak Mulia Hidup Sehat,"Prof. Dr. Achmad Mubarok, M.A. dan Asy'ari S.Pd.,M.Pd.",Wahana Aksara Prima,978-602-8147-01-9,1,Rak D
,Aksesori dari Barang Bekas,Bagas Shinudi,PT Mediantara Semesta,978-979-1276-73-3,1,Rak D
,Alat Komunikasi,,Sahabat,978-979-029-080-8,1,Rak D
,Alat Tangkap Ikan Ramah Lingkungan,Suwarman Partosuwiryo,Citra Aji Parama,979-1464-91-8,2,Rak D
,Anatomi Cacing,Dinas Pendidikan,Intermasa,,1,Rak D
,Anatomi Ikan,,Intermasa,2143-24-101085,2,Rak D
,Anatomi Udang,,Intermasa,2143-24-101085,1,Rak D
,Aneka Manfaat Buah Mangga,,Insan Cendekia,979-9408-87-3,1,Rak D
,Antena,Adimas Ari Irawan,CV Aneka,,1,Rak D
,Asyinya Matematika,,Dea Pustaka,978-602-96239-4-9,1,Rak D
,Ayo Kita Belajar Bertanam Palawija,Aditya P.H,PT Adfale Prima Cipta Jakarta,978-602-8603-02-9,1,Rak D
,Ayo Kita Belajar Bertanam Palawija,,Adfale Prima Cipta Jakarta,978-602-8603-03-6,2,Rak D
,Ayo Mengenal Penyakit Tak Menular,Andriyatie Poerwaningsih,PT Mediantara Semesta,978-602-8489-14-0,1,Rak D
,Bagaimana Mengelola dan mengawetkan Ikan,Edi Warsidi,Mitra Utama,979-602-8426-00-8,1,Rak D
,Bahaya dan Pencegahan DBD,Edi Warsidi,Mitra Utama,978-979-17609-1-1,1,Rak D
,Bahaya dan Pencegahan DBD,,Mitra Utama,978-979-17609-1-1,1,Rak D
,"Batubara Potensi, Penambangan dan Pemanfaatan",Dyah Probowati,PT Citra Aji Parama,979-1464-66-6,1,Rak D
,Benteng Remaja Menolak Narkoba,Anjar Suardi,Nobel Edumedia,978-602-8123-30-3,1,Rak D
,"Bercocok Tanam Cabai Rawi, Cabai Merah dan Cabai Jawa",Husna Amin,CV Sinar Cemerlang Abadi,979-736-743-6,1,Rak D
,Berkreasi dengan Mute,Ratih Indah Muji H.,CV Citra Praya,979-9281-94-6,,Rak D
,Berlaku Adil dan Kasih Sayang terhadap Sesama,,PT. Sindo Press,978-979-9107-76-3,1,Rak D
,Bertanam Padi,Soekirno Hardjodinomo,Dinas,,1,Rak D
,Beternak Ayam Buras Peluang Bisnis Menguntungkan,Bambang Marhiyanto,Sic,979-9415-39-X,1,Rak D
,Beternak Domba,"Bambang Sugeng, B. Sc.",Swadaya,979-8301-29-6,1,Rak D
,Beternak Ikan Lele,Slamet Soeseno,Intermasa,979-3791-13-6,1,Rak D
,Beternak Puyuh,Aditya P.H,PT Adfale Prima Cipta Jakarta,978-602-8063-42-5,1,Rak D
,Bidang Kedokteran dan Pengobatan,,Insan Cendekia,979-9147-7941-177-94,2,Rak D
,Bioteknologi,"Susi Laelawati, Spd",Nobel Edumedia,978-602-8123-32-7,1,Rak D
,Budi Daya & Bisnis Adenium,,Agromedia,979-006-068-8,1,Rak D
,Budidaya dan Analisis Usaha Stroberi,Aries Setiani,CV Sinar Cemerlang Abadi,978-979-1496-74-2,1,Rak D
,Budidaya Holtikultural,Barmin,Insan Cedekia,979-9408-84-9,2,Rak D
,Budidaya Nenas Dan Boneka Olahan Buahnya,Rendy J. Ramdhani,Gaza Publishing,602813315-9,2,Rak D
,Cara & Upaya Budidaya Terung,Eriyandi Budiman,CV Wahana Iptek Bandung,602-8134-25-5,1,Rak D
,Cara Membuat Saus,Abdul Majid,Aneka Ilmu,978-979-736-837-1,1,Rak D
,Dasar-Dasar Gizi Kuliner,C. Soejoeti Tarwotjo,Grasindo,979-669-418-2,1,Rak D
,Dasar-dasar Microsof Excel,,Tiga Serangkai,978-979-045-842-0,2,Rak D
,Dokter di Rumah Anda,Titin Kuraesin,Nuansa Citra Grafika,978-979-3711-43-0,1,Rak D
,Elektronika di Rumah Kita,Andi Aris,Sahabat,978-979-029-048-8,1,Rak D
,"Gamping Potensi, Penambangan dan Pemanfaatan",Indah Setyowati,Citra Aji Parama,979-1464-71-0,1,Rak D
,Gula Merah Dari Tebu,"Ir. H. Rahmat Rukmana, M. sc., M.M.",Aneka Ilmu,979-736-378-3,1,Rak D
,Ikan Sepat Siam Potensi dan Prospeknya,H. Rahmat Rukmana,Aneka Ilmu,979-736-692-8,1,Rak D
,Jambu Mete,Ir. Budi Samadi,Aneka Ilmu,979-736-657-X,1,Rak D
,Kacang Hijau,Ir. Bambang Cahyono,Aneka Ilmu,979-736-700-2,2,Rak D
,Karnaval Jember Mendunia,M. Makruf,PT Jepe Press Media Utama,602872971-0,1,Rak D
,Kayu Jati Bangsawan Dari Tanah Tandus,,Pustaka Utama,978-602-8024-55-6,1,Rak D
,Kekayaan Sumber Daya Indonesia,,Pustaka Utama,978-602-8024-07-5,1,Rak D
,Ketrampilan Sumber Indutri,Endyah Murniaty,Sic,979-9415-76-4,1,Rak D
,Keuangan Bantuan Operasional Sekolah,,,,1,Rak D
,Kiat Succes Beternak Jangkrik,Hardi Soenanto,Aneka Ilmu,979-736-374-0,1,Rak D
,Manajemen Warung,Totok Sudarto,Insan Cedekia,979-9408-39-3,1,Rak D
,Manajemen Warung,,,,1,Rak D
,"Manusia, Makanan dan Tempat Tinggal",,PT Gading Inti Prima,978-602-8608-71-8,1,Rak D
,"Manusia, makanan dan Tempat Tinggal",,PT. Gading Inti Prima,978-602-860-871-8,1,Rak D
,Mari Beternak Ayam Arab,"Aang Sonhaji, S.P.",Gaza Publishing,602-8133-00-5,1,Rak D
,"Matahari, Manusia dan Makanan",Andi Hakim Nasoetiion Dan Amini Nasoetion,Balai Pustaka,979-407-321-0,1,Rak D
,Membiasakan Hidup Sehat,Titin Fitriani,Mitra Utama,978-979-17609-2-8,1,Rak D
,Membuat Boneka Kayu,Tina dan Dini,Globalindo,978-979-749-086-7,1,Rak D
,Membuat Mainan Tradisional,Hary Triana M.,PT Karsa Mandiri Persada,978-979-005-035-8,1,Rak D
,Membuat Meubel Sederhana,Sugeng Supraptono,Sahabat,978-979-029-030-3,1,Rak D
,Membuat Ukiran Dari Bahan Gabus,,Pamularsih,979149428-8,2,Rak D
,Mengamati Hasil Pengolahan Kayu Hutan Sebagai Devisa,"Prapmono, dkk.",Titian Ilmu Bandung,978-979-027-232-4,2,Rak D
,Mengenal Jenis dan Bahaya NAROBA,Weni Rahayu,Mediantara Semesta,978-602-8489-54-6,1,Rak D
,Mengenal Luka dan Penanganannya,,PT. Karya Kita,978-979-9282-90-3,1,Rak D
,Mengenal Makanan Sehat,Dadan Ahmad S.,CV Karya Pratama,979-004-030-X,1,Rak D
,Mengenal Perangkat Komputer dan Cara Menginstal Software,Kuat,Aneka Ilmu,978-979-070-147-2,1,Rak D
,Mengenal Rangka Tubuh,"Dr. Nina Surtiretna, Sp.A., M.Kes.",CV Wahana Iptek Bandung,602-8134-10-4,1,Rak D
,Mengenal Rangka Tubuh,,Cv. Wahana Iptek Bandung,,1,Rak D
,Mengenal Sistem Indra,"Dr. Nina Surtiretna, Sp.A., M.Kes.",CV Wahana Iptek Bandung,602813404-8,1,Rak D
,Mengenal Tubuh Kita,"Yana Sutisna, S.Si.",Angkasa Bandung,978-979-665-897-6,1,Rak D
,Menggunakan Internet,A.solihat,Gaza Publishing,978-602-8134-37-8,1,Rak D
,Meniti Masa Depan Menjahui Narkoba,,Mediantara,979-3372-85-0,1,Rak D
,Menjadi Dokter Kecil di Rumah,Acep Yonny & Purwanti Ramiyatun,PT Jasuindo Tiga Perkasa Tbk,978-602-8753-32-6,1,Rak D
,Menjadi Dokter Kecil di Rumah,,PT. Jasu Indo Tiga Perkasa Tbk,978-602-8753-32-6,1,Rak D
,Menjaga Kesehatan Tulang,"Dr. Agus Dwi Sasongko, Sp.O.T.",Sunda Kelapa Pustaka,979-3632-66-7,1,Rak D
,Menjahit Sendiri Seragam Sekolah,S. Purnamawati,Insan Cedekia,979-9408-77-6,1,Rak D
,Menyuling Minyak Atsiri,"Ir. Tuhana Taufiq A., M.M.",Citra Aji Parama,979-1464-04-8,1,Rak D
,Menyuling Minyak Atsiri,,PT. Citra Aji Parama,979-1464-04-8,1,Rak D
,Meraih Untung Memelihara Ikan Koi,Agus & Andi Asmara,Titian Ilmu Bandung,978-979-1493-24-6,1,Rak D
,Merakit Sendiri Teknologi Tepat Guna Alat-alat Rumah Tangga,Endyah Murniaty,Sic,979-9415-77-2,1,Rak D
,Merintis Usaha Jamur Untuk Rakyat,Hadi Pernama,Karya Mandiri Pratama,979-004-038-5,1,Rak D
,Monitoring dan Evaluasi,,Dinas,,1,Rak D
,Narkoba,Istiati,Sahabat,979-029-049-7,1,Rak D
,Narkoba Bahaya dan Upaya Pencegahannya,Drs. Sunarno,Pt. Bengawan Ilmu,978-979-021-200-8,1,Rak D
,Natomi Cacing,,Intermasa,2143-24-101085,1,Rak D
,Obat yang Ada di Sekitar Kita,Suwardono,Angkasa Bandung,978-979-665-906-1,1,Rak D
,Peluang Usaha Beternak Ayam Arab Intensif,Bambang Marhiyanto,Sic,979-9415-42-X,2,Rak D
,Peluang Usaha Beternak Bebek Darat,Bambang Marhiyanto,Sic,979-9415-41-1,1,Rak D
,Peluang Usaha Budi Daya Udang Galah,,Titian Ilmu Bandung,978-979-027-103-5,1,Rak D
,Pembenihan dan Pembesaran Ikan Mola,M. Ghufran H. Kordi K.,Aneka Ilmu,979-736-712-6,1,Rak D
,Pemeliharaan Terumbu Karang,Iyam,Titian Ilmu,978-979-1493-14-7,1,Rak D
,Pengolahan Hasil Perikanan,"Ir. Endang Supraptiningsih & V. Vony Roron, A.Pi.",PT Citra Aji Parama,979-1464-95-6,1,Rak D
,"Peran Keluarga, Guru dan Sekolah Menyelamatkan Anak Dari Pengaruh Napza",H. Achmad Kabain,PT Bengawan Ilmu,979021232-1,1,Rak D
,Pintar Elektronika Jilid 1,Drs. Agus Irawan Hsr. Dkk,CV Bahagia Batang-Pekalongan,,1,Rak D
,Pukat Cincin,Suarman Partosuwiryo,PT Citra Aji Parama,979-1464-89-5,1,Rak D
,Pukat Cincin,,PT. Cita Aji Parama,979-1464-89-5,1,Rak D
,Ragam Alat Tangkap Lobster,Suwarman Partosuwiryo,PT Citra Aji Parama,979-1464-86-4,1,Rak D
,Rahasia di Balik Dering Telepon,Prista Rini ,Lasha Jaya,978-602-8131-01-8,1,Rak D
,Rahasia di Balik Dering Telepon,,Iasha Jaya,978-602-8131-01-8,1,Rak D
,Rawai Ikan Tuna,Suwarman Partosuwiryo,PT Citra Aji Parama,979-1464-87-1,1,Rak D
,Sang Nanas Bersisik Manis Di Lidah,Endyah Murniaty,Sic,979-9145-74-8,1,Rak D
,Sang Nanas Bersisik Manis di Lidah,,Sic,979-9415-74-8,1,Rak D
,Segudang Aneka Pemberdayaan Buah-buahan ,Endyah Murniaty,Sic,979-9145-75-6,1,Rak D
,Sehat Dengan Kacang Hijau,S. Rositawaty,CV Citra Praya,978-979-035-008-3,2,Rak D
,Selangkah Menuju Rekayasa Genetik,,Cipta Dea Pustaka,978-602-8797-11-5,1,Rak D
,"Servis Radio, Perekam Suara, Televisi dan VCD",,CV. Bimantara Aluuguda Sejahtera,60296962661-2,1,Rak D
,"Sungai, Laut dan Bumi Kita",,PT Gading Inti Prima,0-7496-4214-9,1,Rak D
,Tahu Makanan Bergizi Tinggi,A. Dadi Pernama,Pt. Karya Kita,979-9282-01-17,1,Rak D
,Tahu Makanan Bergizi Tinggi,,,,1,Rak D
,Tanaman Buah Dalam Pot Sawo,Dra. Yuyu Siti Safariyah,P&G Kilat Jaya,978-979-18712-2-8,1,Rak D
,Tanaman Buah Dalam Pot Sawo,,P & G Kilat Jaya,978-979-18712-2-8,1,Rak D
,Teknik Membaca Peta dan Kompas,,Angkasa Bandung,978-979-665-548-2,1,Rak D
,Teknik Membuat Kompor,Husna Amin,CV Sinar Cemerlang Abadi,979-736-765-7,1,Rak D
,Teknologi Pada Masyarakat Desa,Retno Widiyanti,Cempaka Putih,979-662-368-6,1,Rak D
,Tempe Dalam Kehidupan Masyarakat Umumnya,Pramono,Intermasa,979-3791-15-2,1,Rak D
,Teori Darwin Dalam Pandangan Sains & Islam,"Drs.Rosman Yunus, M.A. Ir. Bambang Haryanto, M.Si Choirul Abadi, S.H.I",Prestasi,979-99595-4-3,1,Rak D
,Terapi Jus Untuk Kesehatan,Rianti Amanda,CV Sanggabuana Bandung,978-602-99898-2-6,1,Rak D
,Usahatani Padi-Ikan-Itik di Sawah,Ir Djatmiko D. Handoyo,Intimedia,978-979-3432-95-3,1,Rak D
,Wadah-wadah Kreatif,Bagas Shinudi,PT Mediantara Semesta,978-979-1276-58-0,1,Rak D
,Anak Perawan Disarang Penyamun,S.Takdir AlisJahbana,Dian Rakyat,979-523-026-3,1,Rak E
,Argumentasi dan Narasi,Dr.Gory Keraf,Gramedia Jakarta,,1,Rak E
,Belajar Menjadi Seorang Pendongeng,Aminudin,Pribumi Mekar,979-9148-61-8,1,Rak E
,Bukan Pinang Dibelah Dua,Ratna Idraswari Ibrahim,Grasido,979-732-190-8,1,Rak E
,Dinamika Kebudayaan,Sundjaya,Nobel Edumedia,978-602-8219-52-5,1,Rak E
,Geguritan Tembang Katresnan,y.p.b wiratmoko,Iravi Jaya,978-602-8978-23-1,1,Rak E
,Kecil-Kecil Berani Menyuting Naskah,Edi Warsidi,Karsa Mandiri Persada,978-979-005-006-8,1,Rak E
,Khazanah Lawan Kata(Antonim),Zanta,Tiga Serangkai,,1,Rak E
,Lawang Gegayuhan,Harwimuka,JePe Press Media Utama,602872924-6,1,Rak E
,Mahir Menggunakan Kamus Bahasa Indonesia,Rachmat Taufiq Hidayat,Wahana Iptek Bandung,602813425-0,1,Rak E
,Mejelajahi dan Mempelajari Kalimat,M.G. Hesti Puji Rastuti dkk,Inta Pariwara,979-28-0538-3,1,Rak E
,Pedoman Pengembangan Tes Diagonotik Bahasa Indonesia perpusdwsteam4,,Diknas,,1,Rak E
,Pengrajin Terampil dan Kreatif,Soedjono BSc.,Angkasa Bandung,979-404-717-1,1,Rak E
,Ragam Suku Budaya di Indonesia,Devi Andriana,Sarana Panca Karya Nusa,978-979-678-378-8,1,Rak E
,Sampah Jadi Uang,Endang Purwanti,Saka Mitra Kompetensi,979-1136-59-4,1,Rak E
,Sastrawan Angkat 45,Agus Maryoto,Sindua Press,978-979-067-057-0,1,Rak E
,Seluk-Beluk Profesi Guru,D.Deni Koswara dan Halimah,Pribumi Mekar,978-602-8142-45-8,1,Rak E
,Sistem Pencernaan Manusia,Aang Sonhaji,Gaza Publishing,60813300-5,1,Rak E
,Sitti Nurbaya,Marah Rusli,Balai Pustaka,,1,Rak E
,Tanya esiklopedia dan Jawab,Brian Williams,Pakar Raya,979-534-262-2,1,Rak E
,Teknik Membuat Kerajinan Perak,Agus Budiyanto,Citra Aji Parama,60-8227-26-1,1,Rak E
,Terampil Menulis Surat,Fajar M.N,Puri Delco,978-602-8173-28-8,1,Rak E
,Tenaga Eksogen Perias Bumi,Anang Saepulloh,Pustaka Primaa,502833303-3,1,Rak F
,Kerajaan Hindu dan Buddha,Sucipto,Tiga Serangkai Pustaka Mandiri,978-979-045-686-0,1,Rak F
,Bela Negara,Yudi Suparyanto,Diknas,979-662-383-9,1,Rak F
,H.O.S Tjokroaminoto,B.A Saleh ,Citra Praya,979-9281-67-9,1,Rak F
,Memupuk Semangat Kebangsaan,Susanto dan Hika D. Asril Putra,Binamuda CiptaKreasi,978-602-8823-22-7,1,Rak F
,Akutabilitas Kinerja Pendidikan,"Dr.M. Hasanudin Buhory, M.M.",Universitas Negeri Malang,979495785-2,1,Rak F
,Membumi-Hijaukan Ponorogo,Dr.H.M Maarkum Singodimedjo,,,1,Rak F
,Mereka Yang Membuka Cakrawala Dunia,Haryana Humardani,Grahadi,,1,Rak F
,Menangkal Narkoba dan Kekerasan,"dr.Lydia Harlina Martono, S.K.M. dan dr. Satya Joewana, Sp.K.J",Balai Pustaka,979-690-087-4,1,Rak F
,Kyai Haji Akhmad Dahlan Riwayat Hidup dan Perjuangan,Sutrisno Kutoyo,Mutiara Sumber Widya,,1,Rak F
,Seorang Anak Bernama Suwardi Suryaningrat,B.S. Dewantara,Intan,,1,Rak F
,Indonesia di Pertemuan 3 Lempeng Tektonik,Eni Anjayani,Cempaka Putih,979-662-342-6,1,Rak F
,Kiai Haji Ahmad Dahlan,B.A Saleh ,Citra Praya,979-9281-68-7,1,Rak F
,Akyik Bereksperimen 1,Retna Masita,Sic,979-996-53-x,1,Rak F
,English is Fun,Erna Fitrini dan Ratih Sumiratingratri,Cahaya Pustaka Raga,,1,Rak F
,Tafsir Juz'amma for Kids,Muhammad Muslih,Tiga Serangkai Solo,978-979-018-788-7,1,Rak G
,HAM Dalam Perspektif ISLAM,"Dr.Eggi Sudjana S.H., M.Si.",Nusana Madani,979-9362-21-0,1,Rak G
,Kiat-Kiat Sukses,"K.H.M.Rusli Amin, MA.",Al Mawardi Prima,979-9402-72-7,1,Rak G
,100 Hadits Qudsi,M.Fahmi Hadi,Megah Jaya,978-6028382-15-1,1,Rak G
,Paduan Penyelenggaraan Pesantren Kilat Sekolah Menengah Pertama,,Diknas,,1,Rak G
,Islam dan Lingkungan Hidup,,Departemen Agama Ri,,1,Rak G
,Kapita Selekta Pengetahuan Agama Islam,,Departemen Agama Ri,,1,Rak G
,Kemahiran Interpersonal Untuk Guru,Ismail Kusmayadi,Pribumi Mekar,978-602-8142-63-4,1,Rak G
,Mengenal Zakat Mal,Dewi Astuti,Imperial Bhakti Utama,978-602-8318-30-3,1,Rak G
,Kumpulan Doa-Doa dalam Al-Qur'an,Rahmayati,Megah Jaya,978-602-8382-28,1,Rak G
,Pendidikan Agama Islam Untuk Siswa SLTP Kelas I,,Departemen Agama Ri,,1,Rak G
,Pendidikan Agama Islam Untuk Siswa SLTP Kelas II,,Departemen Agama Ri,,1,Rak G
,Pengembangan Profesional dan Petunuk Penulisan Karya Ilmiah,,Departemen Agama Ri,,1,Rak G
,Modul Evaluasi Pendidikan Agama Islam SLTP,,Departemen Agama Ri,,1,Rak G
,Modul Metode Pendidikan Agama Islam SLTP,,Departemen Agama Ri,,1,Rak G
,Merengkuh Berkah Lewat Tahlil,Variapop Group,Uup Gufron,,1,Rak G
,Fiqih Orang Sakit,Variapop Group,Uup Gufron,,1,Rak G
,Mengenal  dan Menghayati Hari Besar Islam,Gugun El-Guyanie,Insan Madani,978-979-1409-29-2,1,Rak G
,38 Sifat Generasi Unggulan,DR.Majdi Al-Hilali,Departemen Agama Ri,979-561-562-9,1,Rak G
,Pesantren-Pesantren Nusantara,Variapop Group,Herry Munharif,,1,Rak G
,Paduan Fikih Musafir,Variapop Group,Lep Khunaefi,,1,Rak G
,Konsultasi Zikir,Variapop Group,Tim Hidayah,,1,Rak G
,Aku Cinta Indonesia 3,Iit Rasita.B.A.  Sukarso.B.A. DRS.Asmid K.CH.DKK.,PT intan Pariwara,,1,Rak H
,Aneka Kerajinan Dari Kain Perca,E. Kristin Siregar,PT Karya Kita,978-979-9282-86-6,1,Rak H
,Bank,Achmad Buchory,CV Putra Nugraha,978-6028-0928-83,1,Rak H
,Belajar Mengarang Dari Narasi Hingga Argumentasi,Drs. Asrom Drs. Gunawan Drs. Slamet Samsoerizal Drs. Syukur Budihardjo,Erlangga,,1,Rak H
,Belajar Nyanyi dengan Not Balok 1,Theo Sunu Widodo,Kanisius,979-497-473-0,1,Rak H
,Bersahabat Dengan Kamus,Izzudin Irsam M.,Nuansa Citra Grafika,979-3711-36-1,1,Rak H
,Cara Menjadikan Anak Anda Bergairah Untuk Menulis,Mary Leonhardt,Kaifa,979-9452-19-8,1,Rak H
,Ekonomi Dunia Keseharian Kita,"Drs. Kardiman  Endang Mulyadi, S.Pd.  Drs. Achmad Kusriadi",Yudi Tira,979-676-788-0,1,Rak H
,Keberbahasaan dan Kepenulisanan Bahasa Indonesia,Dinas,Dinas,979-462-613-9,1,Rak H
,Let's Study Prepositions,Ida Maharani,PT Citra Aji Parama,979-1464-61-1,1,Rak H
,Melayu Klasik,E. Kosasih,Nobel Edumedia,978-602-8123-73-0,1,Rak H
,Membuat Kreasi Dari Bahan Alami,Arief Kurniawan,PT Karsa Mandiri Persada,978-979-005-040-2,1,Rak H
,Mengenal Ekspor dan Impor,Agung Feryanto,PT Cempaka Putih,979-662-288-7,1,Rak H
,Menjelajahi dan Mempelajari Kalimat,M.G. Hesti Puji Rastuti Diah Erna T. Y. Budi Artati,PT intan Pariwara,979-28-0538-3,2,Rak H
,Pedoman Umum Pendidikan Budi Pekerti Pada Jenjang Pendidikan Dasar dan Menengah Buku 1,Dinas,Dinas,,1,Rak H
,Reading Comprehension,Zamzami,Dinas,979-426-354-0,1,Rak H
,Siap Menghadapi Bencana Alam,Budi Prawoto,CV Empat Pilar Pendidikan,979145120-8,1,Rak H
,Siaran Televisi Edukasi,Dinas,Dinas,978-979-3322-39-1,1,Rak H
,Aneka Kreasi dari  Bambu,Bagas Shinugi,Mediantara Semesta,978-602-8489-09-6,1,Rak I
,Atomi Reptil,A.Mahardono dkk,Intermasa,,1,Rak I
,Atomi udang,A.Mahardono dkk,Intermasa,,1,Rak I
,Budi Daya Ikan Patin,Heru Susanto dan Khairul Amri,Penebar Swadaya,979-489-399-4,1,Rak I
,"Bumi Murka Sains dan Sifat Gempa Bumi,Gunung Berapi, dan Tsunami","Ellen J. Praager,Ph.D.",Pakar Raya,979-534-239-8,1,Rak I
,Cara Praktis Belajar Sempoa Sendiri,Ester Oen Oen,Widya Duta Grafika,979-517-098-8,1,Rak I
,DR.F.L.Tobing,,Mutiara Sumber Widya,,1,Rak I
,Islam dan Lingkungan Hidup,Derpaartemen Agama RI,,,1,Rak I
,Keajaiban Segitaga Siku-Siku,Abdul Aziz Saefudin,Intan Pariwara,979-28-0347-1,1,Rak I
,Kimia Dalam Kehidupan Kita Untuk SLTP,"Dr.Anna Permanasari,M.Si dan Drs.Bibin Rubin,M.Pd",Ipa Abong,978-979-3077-00-0,1,Rak I
,Kisah Ibrahim Kekasih Allah (The Story of Abraham The Beloved Of Allah),Ibnuh Nauval,Bina Ilmu,979-422-131-7,1,Rak I
,Matahari dan Bulan ,A.Rival Djamil,Pd dan Ikhwan jakarta,,1,Rak I
,Membuat Tahu ,Fl. Widie Kastyanto,Penebar Swadaya,,1,Rak I
,Pemberanian dan pembesaran Ikan Molia,M. Ghufran H.Kordi K.,Aneka Ilmu,979-736-712-6,1,Rak I
,Petunjuk Guru Penuntun Terampil Berbahasa Indonesia 3,Drs.H.Abdullah Ambary dkk,Trigenda Karya Bandung,979-8422-86-4,1,Rak I
,Referensi Matematika dalam Kehidupan Manusia 1,"DR.Wahyudin dan Drs.Sudrajat,M.Pd",Ipa Abong,978-979-3077-28-4,1,Rak I
,Referensi Matematika dalam Kehidupan Manusia 3,"DR.Wahyudin dan Drs.Sudrajat,M.Pd",Ipa Abong,978-979-3077-30-7,1,Rak I
,Sains untuk Pemula 3,"Drs.Suhendiana Noor dan Dra.Ida Kaniawati,M.Si.",Setia Purna,979-1192-15-4,1,Rak I
,Sains untuk Pemula 8,"Drs.Suhendiana Noor dan Dra.Ida Kaniawati,M.Si.",Setia Purna,979-1192-20-0,1,Rak I
,Satwa dan Tumbuhan Langka,Dra.Hartini Etik Widayati,Caraka Darma Aksara,979-1457-00-xx,1,Rak I
,Senang Mencoba Sains 11,Nisa Bastian,Galeri Lontara,979-9417-57-0,1,Rak I
,Senang Mencoba Sains 9,Isna,Galeri Lontara,979-9417-55-4,1,Rak I
,Si Amir Ahli Pisang,Nur lailaa,Karunia,979-9039-19-3,1,Rak I
,Suatu Alternatif Pembalajar Kemampuan Berpikir Kritis Matematika,Dina Mayadiana Suwarma,Cakrawala Maha Karya,978-979-15753-5-3,1,Rak I
,Aneka Kreasi dari  Bambu,Bagas Shinugi,Mediantara Semesta,978-602-8489-09-7,1,Rak I
,Alat Komunikasi,Bambang Tri R Nugroho,Sahabat,978-979-029-080-8,1,Rak J
,Anak Sehat,Sanggar Mandiri,CV Karsa Mandiri,979-005-026-7,1,Rak J
,Asyiknya Bermain Musik,Khamim,PT Widya Duta Grafika,979517534-3,1,Rak J
,Ayo Membatik,Zahrah Haidar,Iranti Mitra Utama,602962654-X,2,Rak J
,Babad Ponorogo Jilid VIII,Purwowijoyo,,,1,Rak J
,Bermain Sepak Bola,Abdul Rohim,Aneka Ilmu,978-979-048-146-6,1,Rak J
,Bermain Sepak Takraw,Armelia F.,Aneka Ilmu,978-979-048-258-6,1,Rak J
,Budidaya Kelinci,Sumadji,Sic,979-9415-86-8,1,Rak J
,Budidaya Rebung Bambu Kualitas Ekpor,Kussunaryono,Media Alas Dayu,,1,Rak J
,Cara Praktis Belajar Border,Khusnul K.  Sumar Ama,Insan Cendekia,979-9408-93-8,1,Rak J
,Ilmu Pengetahuan Sosial Pelengkap,,Balai Pustaka,,1,Rak J
,Kemasan Indah & Penuh Makna,Eka Dewi Nuraeni,CV Citra Praya,978-979-035-002-1,1,Rak J
,Kerajinan Emas dan Perak,Subanjar,Insan Cendekia,979-9408-86-7,2,Rak J
,Kiat Sukses Beternak Jangkrik,Hardi Soenanto,Aneka Ilmu,979-738-374-0,1,Rak J
,Kidung Banjaransari,Y.P.B. Wiratmoko,Iranti,,1,Rak J
,Kompas,,PT Rosda Jayapura,,1,Rak J
,Membuat Mainan dari Kayu,Saraswati,PT Bhratara,2880-38.28-02-86,1,Rak J
,Membuat Mainan Dari Lilin,Nurul Ikhsan,CV Citra Praya,978-979-035-001-4,1,Rak J
,Mengenal Alat dan Bahan Seni Lukis,Sarjuni Adi ,PT Edumedia,979-536-746-3,1,Rak J
,Mengenal Organisasi Pelestarian Lingkungan,Eni Anjayani,Cempaka Putih,979-662-301-3,1,Rak J
,Mengenal Pelukis Dunia dan Pelukis Indonesia,Iwan Hendrawan,PT MAPAN,978-602-8262-01-9,1,Rak J
,Mengenal Teknologi Roket,Andini Iasha Amala,Iasya Jaya,978-602-8131-03-2,1,Rak J
,Mengolah Gambar Sederhana dengan Photoshop,Deden Sopandy dan E. Gusnadin,Tiga Serangkai,978-979-045-851-2,1,Rak J
,Mutiara Wisata Negeriku Jawa Timur,A. Mellyora  Af Idah Salmah,PT Jepe Press Media Utama,979-1490-88-7,1,Rak J
,Olahraga Alam,Nono Darsono Setria,Perca,978-602-8123-83-9,1,Rak J
,Pandai Memahami & Menulis Cerita Pendek,Aminudin,PT Pribumi Mekar,,1,Rak J
,Panduan Pelaksanaan Kepramukaan di Sekolah Menengah Pertama,Dinas,Dinas,,1,Rak J
,Panduan Pembelajara Fisika SLTP,S. Karim A. Karhami,Diknas,979-462-587-6,1,Rak J
,Panduan Praktis Desain Perwajahan Buku,Cahyana Insana Sundara,PT  Visindo Media Persada,979-1323-13-5,1,Rak J
,Pedoman Pelaksanaan Pendidikan Lingkungan Hidup,Diknas,Diknas,,1,Rak J
,Pembuatan Kompos Secara Tradisional,Dinas,Dinas,,2,Rak J
,Perjalanan Musik Legendaris 2,Iwan Setiawan Adi Asmara,PT Widya Duta Grafika,979-517-530-0,1,Rak J
,Permainan Teknis Lapangan,Sofyan Firdaus,Ricardo,978-602-8349-91-8,1,Rak J
,Pesona Masyarakat Tengger,Achmat Sapari,Iranti,978--602-97595-5-6,1,Rak J
,Puisi Lan Larasati,"Endang Sri Sulityanirini, S.Pd",Arta Sarana Media,,1,Rak J
,Seripena Fisika perpusdwsteam4 Untuk kelas IX,Bob Foster,Erlangga,979-741-425-6,1,Rak J
,Servis Kulkas & Pendingin Ruangan,Abdul Rani,CV Bimantara Aluuguda Sejahtera,602962660-4,1,Rak J
,Sistem Pencernaan Manusia,Aang Sonhaji,Gaza Publishing,602813300-5,1,Rak J
,Teknik Pengerjaan Listrik ,DRS. Daryanto,Bumi Aksara,979-526-344-7,1,Rak J
,Teknologi Pedesaan 2,"G. Yudhipratama, S.T.",Bintang,978-9798036-90-3,1,Rak J
,Terampil Berinternet,Arief Kurniawan,PT Karya Kita,978-979-9282-46-0,1,Rak J
,Wujudkan Sekolah Peduli dan Berbudaya Lingkungan Dilekapi Panduan Materi pendidikan Lingkungan Hidup,Adiwiyata,Adiwiyata,,1,Rak J
,Antologi Puisi Cerpen Naskah Drama,Atut Dwi Nugroho dan Hendri Suwoto,Universitas Sanata Dharma,978-979-18070-0-5,1,Rak K
,Argumentasi dan Narasi,Dr.Gorys Keraf,Gramedia,,1,Rak K
,Bedah Puisi lama,Wendi Widya R.D.,Intan Pariwara,979-28-0424-9,1,Rak K
,Cara asyik Belajar Ejaan,Farika,Nuansa Citra Grafika,979-3711-30-2,1,Rak K
,Catatan Suasana,Slamet Sukirnanto,Balai Pustaka,979-666-556-5,1,Rak K
,Dari Amerika ke Catatan Langit,Dendy Sugono dan Abdul Rozak Zaidan,Rosda,979-692-403-X,1,Rak K
,Follow Me Unit 13-16,Barry Tomalin,,,1,Rak K
,Follow Me Unit 1-4,Barry Tomalin,,,1,Rak K
,Follow Me Unit 17-20,Barry Tomalin,,,1,Rak K
,Follow Me Unit 21-24,Barry Tomalin,,,1,Rak K
,Follow Me Unit 25-28,Barry Tomalin,,,1,Rak K
,Follow Me Unit 29-32,Barry Tomalin,,,1,Rak K
,Follow Me Unit 33-36,Barry Tomalin,,,1,Rak K
,Follow Me Unit 37-40,Barry Tomalin,,,1,Rak K
,Follow Me Unit 5-8,Barry Tomalin,,,1,Rak K
,Hamka Dibawah Lindungan Ka'bah,Hamka,Bulan Bintang,979-418-063-7,1,Rak K
,Indonesia Folktales,"Ahmad Thommy H, S.S",Era Pustaka Utama,978-602-8024-10-5,1,Rak K
,Jendelaa Terbuka ,Dendy Sugono dan Abdul Rozak Zaidan,Rosda,979-692-404-8,1,Rak K
,Keberbahasaan dan Kepenulisanan Bahasa Indonesia,Jos Daniel Parera,Diknas,979-462-613-9,1,Rak K
,Kegiatan Pelatihan Penyusunan Laporan Bos Online Tahap V Angkatan 20 Tahun 2014,,Diknas,,1,Rak K
,Melirik Potensi Desa Menuju Masyarakat Sejahtera,Dindin Nasrudin,Karya Mandiri Pratama,978-979-004-047-2,1,Rak K
,Mengenal Penyair Dunia dan Indonesia,Iwan Hendrawan,Musi Perkasa Utama,978-602-8264-22-8,1,Rak K
,Nayaka Lelana Menteri Bergerilya,Mr.Susanto Tirtoprojo dkk,U.P.Indonesia,,1,Rak K
,Pengajaran Sastra Yang Menyenangkan,Tjahjono Widijanto,Pribumi Mekar,978-602-8142-18-2,1,Rak K
,Petualangan Ke Pulau Kangen,Zawari Imron,Kartika Mulyaa Surabaya,978-602-97599-6-9,1,Rak K
,Petunjuk Pembutan dan Pemanfaatan Media Pedidikan,,Diknas,,1,Rak K
,Puisi Lan Larasati,Endang Sri Sulistya,Arta Sarana Media,,1,Rak K
,Rayaman,Sunardi D.M.,Balai Pustaka,979-407-364-0,1,Rak K
,Sastrawan  Angkatan 45,Agus Maryono,Sindur Press,978-979-067-057-0,1,Rak K
,Seorang Anak Bernama Suwardi Suryaningrat,B.S Dewantara,Intan,,1,Rak K
,45 Tahun SMA MUHIPO,SMA MUHIPO,M-One Voice,,1,Rak L
,Aku Cinta Damai,"Aep Saefulloh, S.Pd.I",Dinas,978-602-8123-02-0,1,Rak L
,Catatan Perjalanan Dalam Negeri,Prof. DR.Dr.H.O.K. Tanzil,PT. Alumni Bandung,2143-2.101085,2,Rak L
,Gempa Bumi dan Antisipasinya,Sapto Madijono,Aneka Ilmu,978-979-736-817-3,2,Rak L
,J.A. Dimara Lintas Perjuangan Putra Papua,Carmelia Sukmawati,"PT Saka Print, Jakarta",979-96258-0-7,1,Rak L
,Kehidupan di Muka Bumi ,Akhmad Zamroni,PT Widya Duta Grafika,979517549-1,1,Rak L
,Kehidupan pada Masa Pasca Kemerdekaan,"Ruswandi Hermawan, Sukanda Permana",PT Setia Purna,978-979-037-029-6,1,Rak L
,Kerajaan-kerajaan di Indonesia,Sulistiani,PT Widya Duta Grafika,979517541-6,1,Rak L
,Kuntowijoyo: Karya dan  Dunianya,Wan Anwar,Grasindo,979-759-613-3,1,Rak L
,Kurir-kurir Kemerdekaan,"Gatot Iskandar, Zakaria Idris dan Suroso",Balai Pustaka,979-407-152-8,1,Rak L
,Membangun Kembali Jati Diri Bangsa,H. Soemarno Soedrsono,PT Elex Media Komputindo,978-979-27-3602-1,1,Rak L
,Mengenal Simbol Daerah,Kuswilono,Intan Pariwara,979-28-0205-4,1,Rak L
,Mengenal Simbol Instansi,Kuswilono,Intan Pariwara,979-28-0207-8,1,Rak L
,Nayaka Lelana,Mr. Susanto Tirtoprojo,U.P. Indonesia,2143-23.101085,1,Rak L
,Pemuda Harapan Bangsa,Wahjudi Djaja,Cempaka Putih,979-662-241-2,2,Rak L
,Peradaban Amerika Latin,Nora Choirica,PT. Bengawan Ilmu,978-979-021-242-8,1,Rak L
,Raden Ajeng Kartini,"Drs. Mardanas Safwan, Sutrisno Kutojo",Mutiara Sumber Widya,978-979-9331-17-X,2,Rak L
,Sejarah Proklamasi,Drs. Soeroto,Mutiara Sumber Widya,2143-36.101085,1,Rak L
,Sultan Hasanuddin,"Sutrisno Kutoyo,  Drs. Mardanas Safwan",Mutiara Sumber Widya,978-979-9331-14-10,1,Rak L
,Sumbangsihku Bagi Ibu Pertiwi,Ny. Lasmidjah Hardi,"Bunda Karya Offset, Jakarta",2143-53.101085,2,Rak L
,Untuk Bangsaku II,Diknas,Yayasan Telapak Semarang,,1,Rak L
,Yang Terempas dan Terkandas,Rusman Sutiasumarga,Balai Pustaka,979-407-099-8,1,Rak L
,100 Hadist Qudsi,M. Fahmi Hadi,CV Megah Jaya,978-602-8382-15-1,1,Rak M
,Agar Allah Selalu Memberi Jalan Keluar,Abu Firly Bassam Taqiy,Hikam Pustaka,978-979-1814713,1,Rak M
,Bahasa Sunnah-sunnah Nabi,A. Muaz,PT Variasi Malindo,,1,Rak M
,Berkreasi dan Berprestasi Melalui Hak Kekayaan Intelektual,,Grasindo,,1,Rak M
,Doa-doa Dari Hadist,Efri Aditia,PT Variapop Group,,1,Rak M
,Hukum Waris,A. Muaz,PT Variapop Group,,2,Rak M
,Ibrahim Kekasih Allah,Ibnu Nauval,Bina Ilmu Ananda,979-422-131-7,1,Rak M
,Kapita Selekta Pengetahuan Agama Islam,Departemen Agama,Departemen Agama,,3,Rak M
,Kisah Nabi Saleh dan Untanya,Ibnu Nauval,Bina Ilmu Ananda,979-422-154-6,4,Rak M
,Kisah-kisah Dalam Al-Qur'an 3,Miftah F.,CV Megah Jaya,978-602-8382-20-5,1,Rak M
,Konsep Agama (Islam) Menanggulangi Naza,"Prof. Dr.dr.H. Dadang Hawari, Psikiater",Dana Bhakti Prima Yasa,,1,Rak M
,Kumpulan Hadist Tentang Akhlaq Terpuji,Saleh Hidayat,CV Megah Jaya,978-602-8382-26-7,1,Rak M
,Kumpulan Zikir dan Doa Dalam Hadist,Rahmawati,CV Megah Jaya,978-602-8382-27-4,2,Rak M
,Membangun Baitullah,Ibnu Nauval,Bina Ilmu Ananda,979-422-132-5,7,Rak M
,Misteri Surat Al-Fatihah,Abdul Hakim Bin Abdullah Al-Qasim,Pustaka Elba,979266771-7,1,Rak M
,Mukzijat Nabi-nabi Dalam Al-Qur'an,Aris Rachman,CV Megah Jaya,978-602-8382-2-3,1,Rak M
,Pelajaran Tadwid,KH. I. Zarkasyi,Trimurti,,1,Rak M
,Pinjam-meminjam Dalam Islam,Reza Azhana,Insan Madani,979026215-9,1,Rak M
,Qishashul Anbiya,Ny. H.Hadiyah Salim,PT Alma'arif,,1,Rak M
,Sahabat Bertanya Nabi Menjawab,A. Muaz,PT Variapop Grup,,1,Rak M
,"Seni Dalam pandangan Islam Seni, Vocal & Tari",Abdurrahman Al Baghdadi,Gema Insani Press,,1,Rak M
,Setetes Hidayah Seri2,A. Muaz,PT Variapop Group 2010,,1,Rak M
,Tanya Jawab Ramadhan,A. Muaz,PT Variapop Grup,,1,Rak M
,Yusuf Bendarawan Mesir,Ibnu Nauval,Bina Ilmu Ananda,979-422-138-4,1,Rak M
,Zakat & Permasalahannya,Herry Munhanif,PT Variapop Grup,,1,Rak M
,Kumpulan Doa-doa Dalam Al-Qur'an,Rahmayati,CV Megah Jaya,978-602-8382-28-1,1,Rak M
,Jual-beli Dalam Islam,M. Alaika Salamulloh,Insan Madani,979026213-2,1,Rak M
,Kisah-kisah Dalam Al-Qur'an 4,Miftah F.,CV Megah Jaya,978-602-8382-21-2,1,Rak M
,Kisah-kisah Dalam Al-Qur'an 5,Miftah F.,CV Megah Jaya,978-602-88382-22-9,1,Rak M
,Kisah-kisah Dalam Al-Qur'an 6,Miftah F.,CV Megah Jaya,978-602-8382-23-6,1,Rak M
,Riba Dalam Islam,M. Alaika Salamulloh,CV Megah Jaya,979026216-7,1,Rak M
,Mengenal Zakat Mal,Dewi Astuti,Intima,978-602-8318-30-3,1,Rak M
,Utang-Piutang Dalam Islam,M. Alaika Salamulloh,Insan Madani,979026214-0,1,Rak M
,Pendidikan Budi Pekerti Dalam Perfektif Islam,Prof.Dr.H.M. Din Syamsuddin,Al Mawardi Prima,,1,Rak M
,Yusuf Bendarawan Mesir,,,,1,Rak M
,Kisah Nabi Saleh dan Untanya,,,,1,Rak M
,terjemah At Targhibn Wat Tarhib,"Husain Mathar, dkk",CV Megah Jaya,978-602-838-238-0,1,Rak M
,Membangun Baitullah,,,,1,Rak M
,Ibrahim Kekasih Allah,,,,1,Rak M
,Membangun Baitullah,,,,1,Rak M
,Yusuf Bendarawan Mesir,,,,1,Rak M
,Kisah Nabi Saleh dan Untanya,,,,1,Rak M
,Ibrahim Kekasih Allah,,,,1,Rak M
,Membangun Baitullah,,,,1,Rak M
,Fiqhul Haidh ,Muhammad bin Abdil Qohar,CV Megah Jaya,,1,Rak M
,Kisah Nabi Saleh dan Untanya,,,,1,Rak M
,Tafsir Juz 'Amma for kids,Muhammad Muslih,Tiga Serangkai,978-979-018-787-0,1,Rak M
,Membangun Baitullah,,,,1,Rak M
,Meneladani 99 Sifat Allah ,Tim Al-Firdaus,Tiga Serangkai,978-979-018-086-0,1,Rak M
,Membangun Baitullah,,,,1,Rak M
,Tafsir Juz 'Amma for kids,,,,1,Rak M
,Dasar-dasar Bahasa Arab,Mukhlish,Insan Madani,978-979-026-018-4,1,Rak M
,Kisah Nabi Saleh dan Untanya,,,,1,Rak M
,Yusuf Bendarawan Mesir,,,,1,Rak M
,Sapi Perah Paman,Punk Pribadi,Tiga Serangkai,078-979-040-045-0,1,Rak M
,Kisah Nabi Saleh dan Untanya,,,,1,Rak M
,Ibrahim Kekasih Allah,,,,1,Rak M
,Ibrahim Kekasih Allah,,,,1,Rak M
,Aklah Mulia Kasih Sayang,"Prof. Dr. Achmad Mubarok, M.A. / M. Syamsul Yakin, M.A.",Wahana Aksara Prima,978-602-8147-2,1,Rak M
,Yusuf Bendarawan Mesir,,,,1,Rak M
,99 Cara Menjadi Anak Anda  Bergairah Menulis,Mary Leonhardt,Kaifa,979-9452-19-8,1,Rak N
,Ayo Megenal Pragraf,Marsa A.H,Wangsa Jatra Lestari,978-979-040-129 7,1,Rak N
,Bersahhabat Dengan Kamus,Izzudin Irsam M.,Nuansa Citra Grafika,979-37-36-1,1,Rak N
,Cara Praktis Mengelola Toko dan Supermarket,Kuswara,Nobel Edumedia,978-602-8219-43-3,1,Rak N
,Ham Kewarganegaraan dan Konstitusi,Siti Fikriyah,Nobel Edumedia,978-602-8219-44-0,1,Rak N
,Hubungan Internasional ,Amin Suprihatini,Cempaka Putih,979-662-237-5,1,Rak N
,I Love English,Erna Fitrini dan Ratih Sumiratingratri,Cahaya Pustaka Raga,,1,Rak N
,Karangan Fiksi dan Nonfiksi,Ermina Krismarsanti,JP BOOKS,602-8567-10-7,1,Rak N
,Keberbahasaan dan Kepenulisan Bahasa,,Diknas,,1,Rak N
,Kecil-Kecil Berani Berikim Surat,Edi Warsidi,Karsa Mandiri Persada,978-979-005-002-0,1,Rak N
,Kecil-Kecil Berani Berpidato,Edi Warsidi,Karsa Mandiri Persada,978-979-005-001-3,1,Rak N
,Khazanah Sastra Melayu Klasik,E.Kosasih,Nobel Edumedia,978-602-8123-73-0,1,Rak N
,Koperasi Syariah ,"Fitri Nurhartati,S.P.d. dan Ika Saniyati Rahmaniyah,A.Md.",Era Intermedia,978-602-8237-30-7,1,Rak N
,Langkah Sukses Belajar Bahasa Inggris 1,Sudarsono,Ipa Abong,978-979-3070-38-3,1,Rak N
,Langkah Sukses Belajar Bahasa Inggris 2,Sudarsono,Ipa Abong,978-979-3070-39-0,1,Rak N
,Let's Study Prepositions,Ida Maharani,Citra Aji Parama,979-1464-61-1,1,Rak N
,Memahami Pemerintahan Indonesia Dalam Tiga Konstitusi,"Prof.Drs.C.S.T.Kansil,SH dan Christine S.T.Kansil,SH,MH",PT Perca,978-979-1491-76-1,1,Rak N
,Membina Keterampilan Menulis Paragraf dan Pengembanganya,Drs.Djago Taringan,Angkasa Bandung,978-979-665-561-6,1,Rak N
,Mengenal Wisata Jember,M.Makruf,JP BOOKS,602872970-3,1,Rak N
,Menjelajahi dan Mempelajari Kalimat,M.G.Hesti Puji Rastuti dkk,Intan Pariwara,979-28-0538-3,1,Rak N
,Menuju Masyarakat Belajar ,"Indra Djati Sidi,Ph.D",Paramadina,979-626-105-7,1,Rak N
,Menuju Matetika Lewat Sejarah dan Bahasa Aksara Angka Hindu dan Arab,,Widjaya,,1,Rak N
,Menuju Matetika Lewat Sejarah dan Bahasa Aksara jawa dan Bali,,Widjaya,,1,Rak N
,Menulis Dengan Hati Membangun Motivasi Menulis,Ismail Kusmayadi,Pribumi Mekar,978-602-8142-29-8,1,Rak N
,Menumbuhkan Jiwa Entrepreneur dalam Diri Siswa,Donni Juni Priansa,Setia purna inves,978-979-037-029-6,1,Rak N
,Modul Metode Pendidikan Agama Islam SLTP,,Diknas,,1,Rak N
,Mukjizat Bulan Ramadhan,Wahhid Al-Khali,Lingkaran,,1,Rak N
,Mutiara Wisata Negeriku Jawa Timur,A.Mellyora dan Af Indah Salmah,JP BOOKS,979-1490-88-7,1,Rak N
,Pedoman Pemanfaatan Siaran Televisi Edukasi,"Drs.Jaka Warsihnaa,M.Si dkk",Pusat Teknologi Informasi dan Komunikasi Pendidikan Departemen Pendidikan Nasional,,1,Rak N
,Pedoman Pengembangan Tes Diagnostik Bahasa Inggris perpusdwsteam4,,Diknas,,1,Rak N
,Pedoman Pengembangan Tes Diagnostik Matematika,,Diknas,,1,Rak N
,Pembutan Kompos Secara Tradisional,,Diknas,,1,Rak N
,Pendidikan Kepundudukan Lingkungan Hidup,,Diknas,,1,Rak N
,Peran Masyarakat Otonomi Daerah,Moh. Rofii Adji Sayekti,Cempaka Putih,979-662-384-6,1,Rak N
,Perkakas dan Bahan Teknik Otomotif,"Soedjono,B.Sc.,DKK",Angkasa Bandung,978-979-665-553-5,1,Rak N
,Pesona Masyarakat Tengger,Achmad Sapari,Iranti,978-602-97595-5-6,1,Rak N
,Petunjuk Keselamatan Lalu Lintas,,Asosiasi Keselamatan Jalan Indonesia ,,1,Rak N
,Prinsip dan Aplikasi Tekanan,Inta Mahanani,Citra Aji Parama,979-1464-43-7,1,Rak N
,Reading Comprehension ,Zamzami,Remaja Rosdakarya,979-426-354-0,1,Rak N
,Riba dalam Islam,M.Alaika Salamulloh,Insan Madani,979026216-7,1,Rak N
,SALESMANSHIP,Drs.Sabar Martin Sirait,Bumi Aksara,979-526-094-5,1,Rak N
,Smart Brain ,Suroso,Sic Group,979-9414-53-9,1,Rak N
,Strategies to Identify The Main Idea,Iwuk P.,Citra Aji Parama,979-1464-63-5,1,Rak N
,Tata Bahasa Bahasa Inggris English Grammar,John Surjadi Hartanno dkk,Indah,,1,Rak N
,Terampil Membuat Buku Harian dan Surat Pribadi,Prof.Drs.M.Atar Semi,Titian Ilmu Bandung,978-979-027-255-1,1,Rak N
,Transportasi di Indonesia dari Masa ke Masa,Endar Wismulyani,Cempaka Putih,979-662-320-4,1,Rak N
,Uang,Achmad Buchory,Putra Nugraha,978-602-8092-85-2,1,Rak N
,Waspadai Bahan Kimia di Rumah Kita ,Kurniasih,Visido,978-979-1323-47-5,1,Rak N
,Wisata Budaya Jawa Timur,"Dra.endyah Murniati,S.Psi,M.B.A",Duta Graha Pustaka,978-602-97600-1-9,1,Rak N
,Matematika (Penataran Penyegaran),Dr. Rosadi Lukman,DEKDIKBUD,,1,Rak O
,Kompendium Didaktik Fisika,"Herbert Druxes,DKK",DEKDIKBUD,979-514-534-7,1,Rak O
,Seri Sains Dasar Mengenal Keseimbangan,Daryanto Nurhidayat,Pt Albama,978-602-3168-43-9,1,Rak O
,Aneka Kreasi Membungkus Kado,Iip,Nobel Edumedia,978-602-8219-48-8,1,Rak O
,Bahan Kimia Disekitar Kita,"Sally hewitt, Franklin Watts",Pt Gading Inti Prima,978-602-8608-36-7,1,Rak O
,Ensiklopedia matematika,Janu  Ismadi,Nobel Edumedia,978-602-8219-38-9,1,Rak O
,Trik-Trik Berhitung,Edward H. Julius,Pakar Raya,979-534-712-5,1,Rak O
,Bermain bulu Tangkis,"Sutono, IR.",Aneka Ilmu,978-979-048-244-9,1,Rak O
,Mengerti Tentang Mamalia,Tri Yulianto,Aneka Ilmu,978-979-048-148-0,1,Rak O
,Senang Mencoba Sains,Kiki,Galeri Lontara,979-9417-50-3,1,Rak O
,Bertamasya Ke tata Surya,Rinawan Abadi,Intan Pariwara,979-28-0240-5,1,Rak O
,Menentukan Posisi dan Mengolah Data,,Pt Gading Inti Prima,978-602-8608-67-1,1,Rak O
,Rahasia Sehari-hari,Hans Jurgen Press,Angkasa Bandung,979-404-816-6,1,Rak O
,Budi daya Gurami,M. Sitanggang,Penebar Swadaya,979-489-554-7,1,Rak O
,Bertanam Tanpa Tanah,Sri Eka WidiAstuti,Indah jaya,,1,Rak O
,Mari Belajar menyulam,Entin Suprihatin,Pamularsih,979-021-234-8,1,Rak O
,Bencana Alam Geologi,P. Heru Susila,Tiga Kelana,978-602-8535-45-8,1,Rak O
,Menguak Misteri Tubuh Tumbuhan,Siti Nurkhayati,Intan Pariwara,979-28-0394-5,1,Rak O
,Gunung Meletus dan Antisipasinya,Dewayani C. Tyas,Aneka Ilmu,978-979-048-169-5,1,Rak O
,Matematika,Diknas,Diknas,,1,Rak O
,Mengenal Keseimbangan,Daryanto Nurhidayat,PT Albama,978-602-3168-43-9,1,Rak O
,Satu Pohon Seribu Titik Air,Iri Karunia,Dian Prima Lestari,979179713-7,1,Rak O
,Ayo Menggunakan Teorema Pythagoras,Muhamad Mas'ud,Intan Pariwara,979-28-0348-8,1,Rak O
,Kebun Raya Dan Kebun Binatang Gembira Loka,KMT.A. Tirtodiprojo,,,1,Rak O
,Catatan Perjalanan Dalam Negeri,Diknas,PT Alumni,,1,Rak O
,Keseimbangan Peningkatan Imtak Dengan Penguasaha Iptek,"Agustami, S.Pd.",PT Dian Ariesta,979-3307-13-7,1,Rak O
,Matematika Dasar dan Pra-Aljabar,"Jerry Bobrow, Ph.D.",Pakar Raya,979-534-710-1,1,Rak O
,Mengenal Simbol Instansi,Kuswilono,Intan Pariwara,979-28-0207-8,1,Rak O
,Beraneka Ragam Reptil,Jodi Andrea,PT Sandiarta Sukses,978-602-8148-48-1,1,Rak O
,Sains Untuk Pemula,"Drs. Suhendiana Noor, Dra. Ida Kaniawati,M.Si.",PT Setia Purna,979-1192-15-4,1,Rak O
,Instalasi Dan Alat-alat Listrik,"Soedjono, BSc.dkk.",PT Titian Ilmu ,,1,Rak O
,Pencegahan dan Penanggulangan Penyalahgunaan Narkoba,"dr. Lydia Harlina Martono,S.K.M.  dr. Satya Joewana, Sp.K.J.",PT Balai Pustaka,979-690-325-3,1,Rak O
,Teknik Membuat Kompor,Husna Amin,CV Sinar Cemerlang Abadi,979-736-765-7,1,Rak O
,Daur Ulang Limbah,Farida,Iranti Mitra Utama,602962653-1,1,Rak O
,Waspadai Bahan Kimia di Rumah Kita,Kurniasih,Visindo,978-979-1323-47-5,1,Rak O
,Memahami Klasifikasi Zat,Adi Wibowo,PT Puri Pustaka,978-602-8712-11-8,1,Rak O
,Gunung Bromo,"Drs. Achmad Sapari  Dyah Amiyah Lindyani,S.Pd.",PT Kartika Mulya Surabaya,978-602-97599-2-1,1,Rak O
,Memahami Sains Dari Alam: Gunung,Meidiana Frikasari,Media Utama,978-979-17609-3-5,1,Rak O
,Pencemaran Lingkungan,Tri Haryanto,Cempaka Putih,979-662-358-7,1,Rak O
,Petunjuk Praktis Budi Daya Stroberi,Agus Kurnia,AgroMedia Pustaka,979-3702-51-6,1,Rak O
,Memelihara Kesehatan Gigi Mulut,Lenita,CV Indradjaya,,1,Rak O
,UKS,Ahmad Selvia,Masmedia Buana Pustaka,602850475-0,1,Rak O
,Menimba Ilmu Dari Museum,Pratameng Kusumo,Balai Pustaka,979-407-292-3,1,Rak O
,Perjalanan Musik Legendaris 2,Iwan Setiawan Adi Asmara,Widya Duta,979517530-0,1,Rak P
,Bermain Sepak Bola,Abdul Rohim,Aneka Ilmu,978-979-048-146-6,1,Rak P
,Kreasi Lilin Cantik,Chacha,Nobel,978-602-8123-34-1,1,Rak P
,Kerajinan Emas dan Perak,Subanjar,Insan Cendekia,979-9408-86-7,1,Rak P
,Ayo Membatik,Zahrah Haidar,Iranti Mitra Utama,602962654-X,1,Rak P
,Bermain Sepak Takraw,Armelia F.,Aneka Ilmu,978-979-048-258-6,1,Rak P
,Mengenal Pelukis Dunia dan Indonesia,Iwan Hendrawan,PT MAPAN,978-602-8262-01-9,1,Rak P
,Membuat Mainan Dari Lilin,Nurul Ikhsan,CV Citra Praya,978-979-035-001-4,1,Rak P
,Mari Berkreasi,Dian Novitasari,Karya Mandiri Nusantara,9791131511,1,Rak P
,Membuat Boneka Kayu,Tina dan Dini,Globalindo,978-979-749-086-7,1,Rak P
,Membuat Aneka Pigura,Bagas Shinugi,PT Mediantara Semesta,978-979-1276-71-9,1,Rak P
,Karnaval Jember Mendunia,M. Makruf,PT JePe Press Media Utama,602872971-0,1,Rak P
,Bermain Bulu Tangkis,"Sutono, IR.",Aneka Ilmu,978-979-048-244-9,1,Rak P
,Glipang,Suyitno,Iravi,978-602-97596-9-3,1,Rak P
,Belajar Matematika,,,,1,Rak P
,Membuat Kreasi Dari Bahan Alami,Arief Kurniawan,PT Karsa Mandiri Persabda,978-979-005-040-2,1,Rak P
,Mengenal Batik Tulis dan Cap Tradisional,Mahudi Soetarman,Widya Duta,979517536-X,1,Rak P
,Mengenal Wisata Jember,M. Makruf,PT JePe Press Media Utama,602872970-3,1,Rak P
,Pengetahuan Dasar Seni Teater,O. Lesmana,PT MAPAN,978-602-8262-02-6,1,Rak P
,Budi Pekerti Bertamu,Janu Murdiyatmoko,CV Karya Mandiri Pratama,978-979-004-011-3,1,Rak P
,Waspadai Gempa Bumi dan Tsunami,Purwoko Adi Seno,Widya Duta,979517442-8,1,Rak P
,Daur Ulang Limbah,Farida,Iranti Mitra Utama,602962653-1,1,Rak P
,Dasar-dasar Senam,Jhon dan Mary Jean Traetta,PT Angkasa Bandung,978-9979-665-560-8,1,Rak P
,Pelayaran Nusantara,Arim Kamandaka,Sic,979-3233-33-8,1,Rak P
,Olahraga Alam,Nono Darsono Setria,PT Perca,978-602-8123-83-9,1,Rak P
,Wisata Budaya Jawa Timur,"Dra. Endyah Murniati, S. Psi,M.B.A.",Duta Graha Pustaka,978-602-97600-1-9,1,Rak P
,Mengenal Warna,Rantinah Sastra,Intan Pariwara,978-28-0199-6,1,Rak P
,Gending-gending Karawitan Jawa Lengkap Slendro-Pelog Jilid 1,Ki Marsono Kodrat,PN Balai Pustaka,,1,Rak P
,Atletik Cabang Lempar,Munasifah,Aneka Ilmu,978-979-048-245-6,1,Rak P
,Pesona Masyarakat Tengger,Achmad Sapari,Iranti,978-602-97595-5-6,1,Rak P
,Biologi 2,"Nuryani Rustaman, Otang Hidayat",Diknas,979-462-351-2,1,Rak P
,Mari Belajar Menyulam 1,Entin Suprihatin,CV Pamularsih,979021234-8,1,Rak P
,Aneka Kreasi Grafis Pemula dengan Corel Draw,Diky Rachmat dan Yusuf Sobari,Tiga Serangkai,978-979-045-850-5,1,Rak P
,Mutiara Wisata Negeriku Jawa Timur,"A. Mellyora, Af Idah Salmah",PT JePe Press Media Utama,979-1490-88-7,1,Rak P
,Kidung Banjaransari,Y.P.B. Wiratmoko,Iranti,,1,Rak P
,Langkah Menjadi Pemain Sepak Bola Hebat,"Drs. Sugiarto, M.M.",PT Mediantara Semesta,978-979-8181-10-5,1,Rak P
,Pendidikan Jasmani,Diknas,Diknas,,1,Rak P
,Kreasi Aneka Kertas,Bagas Shinugi,PT Mediantara Semesta,978-979-1276-61-0,1,Rak P
,Asyik Bereksperimen 2,Retna Masita,Sic,979992654-8,1,Rak P
,Asyiknya Bermain Musik,Khamim,Widya Duta,979517534-3,1,Rak P
,Membuat Ukiran Dari Bahan Gabus,Edij Kismartanto,CV Pamularsih,979149428-2,1,Rak P
,Perjalanan Musik Legendaris 1,Iwan Setiawan Adi Asmara,Widya Duta Grafika,979517529-7,1,Rak P
,Permainan Bulu Tangkis,M. Sofyan,Ricardo,978-602-8349-93-2,1,Rak P
,Mengoprasikan Komputer,Zainal Arifin,Pijar,978-602-8822-13-8,1,Rak P
,Langkah Menjadi Pemain Voli Hebat,"Drs. Sugiarto, M.M.",PT Mediantara Semesta,978-602-8181-07-5,1,Rak P
,Aku Ingin Menjadi Astronom,Tina dan Dini,Globalindo,978-979-749-094-2,1,Rak P
,"Servis Radio, Perekam Suara, Televisi dan VCD",Ado Vebrianto,CV Bimantara Aluuguda Sejahtera,602962661-2,1,Rak P
,Perbankan,,,,1,Rak P
,Membuat Karakter ,Bagas Shinugi,PT Mediantara Semesta,978-979-1276-60-3,1,Rak P
,Kreasi Aneka Wadah,Bagas Shinugi,PT Mediantara Semesta,978-979-1276-59-7,1,Rak P
,Mengenal Kesenian Nasional 4 Ludruk,"Aji Jawoto AP, S.Pd",PT Bengawan Ilmu,978-979-021-414-9,1,Rak P
,Seni Karawitan,S. Heliarta,Aneka Ilmu,978-979-070-130-4,1,Rak P
,Keragaman Nusantara,Ari Subekti,Intan Pariwara,979-28-0338-9,1,Rak P
,Kesenian Daera dan Lagu-lagu Daerah,Cendi  Yuliana,Widya Duta,979517531-9,1,Rak P
,Mangenal Seni Lukis,Weni R. Dkk.,PT Mediantara Semesta,978-979-1276-55-9,1,Rak P
,Belajar Menjadi Seorang Pendongeng,Aminudin,PT Pribumi Mekar,979-9148-61-8,1,Rak P
,Keris Pusaka Jawa,Bayu Wibisana,Intan Pariwara,979-28-0743-1,1,Rak P
,Budaya,Achmad Buchori,Putra Nugraha,978-602-809-81-4,1,Rak P
,Mutiara Adat Jawa,Nanik Herawati,Intan Pariwara,979-28-0733-2,1,Rak P
,Mari Membuat Wayang Kulit,Achmad Sapari,Sic,979-9415-87-X,1,Rak P
,Stop Mirasantika,Dr. Widharto,Sunda Kelapa Pustaka,979-3632-43-8,1,Rak P
,Seni Kerajinan Membordir,Soedjono BSc.,Angkasa Bandung,979-404-248-X,1,Rak P
,Rumput Laut,Dwi Ratna Hernianti,Rizky Grafis,978-602-8179-96-6,1,Rak P
,Berkreasi Dengan Mute,Ratih Indah Puji H. ,CV Citra Praya,979-9281-94-6,1,Rak P
,Aku Cinta Damai,"Aep Saefulloh, S.Pd.I",Nobel,978-602-8123-02-0,1,Rak R
,Bangsacara Ragapadmi,S.Z. Hadisutjipto,Balai Pustaka,979-666-559-X,1,Rak R
,Bedah Puisi Lama,Wendi Widya R.D.,Intan Pariwara,979-28-0424-9,1,Rak R
,Bela Negara,Yudi Suparyanto,Diknas,979-662-383-9,1,Rak R
,Belajar Matematika perpusdwsteam4,"P. Sumardi, B.A.  R.A.C. Suhardjono",Tiga Serangkai,2143-56.10 10 85,1,Rak R
,Bunga Rampai Perjuangan&Pengorbanan,Sutiko Sutoto dan Deddy Alhurry,Markaas Besar Legiun Veteran RI,,1,Rak R
,Cindur Mata,Aman Dt. Majoindo,Balai Pustaka,979-407-077-7,1,Rak R
,Dinamika Kebudayaan,Sundjaya,Nobel,978-602-8219-52-5,1,Rak R
,Gaya Bahasa dan Peribahasa Dalam Bahasa Indonesia,Diah Erna Triningsih,Intan Pariwara,979-28-0599-4,1,Rak R
,Jendela Tebuka,"Dendy Sugono, Budi Dama",Diknas,979-692-404-8,1,Rak R
,Karya Tulis Lomba Penelitian Ilmiah Remaja,M. Imran Zulkarnain & Zanaria,Indah Jaya,,1,Rak R
,Kerajaan-Kerajaan di Indonesia,Sulistiani,PT Widya Duta Grafika,979517541-6,1,Rak R
,Kesustraan Indonesia Untuk Sekolah Menengah Pertama,Drs. Suwandi-Mashari,CV Warga,,1,Rak R
,Kiat Bersiskampling,Achmad Turan,PT Karya Jaya,979-605-145-1,1,Rak R
,Konstektual dan Penerapannya Dalam KBK,"Dr. Nurhadi, M.Pd, Dr. Burhan Yasin, Dip.Bis.Ad.,M.Ed., Drs. Agus Gerrad Senduk, M.Pd.",Universitas Negeri Malang,97995597-3,1,Rak R
,Letjen Oerip Soemoharjo,Drs. Amrin Imran,Mutiara Sumber Widya,978-979-9331-12-9,1,Rak R
,Masa Prasejarah Sampai Masa Proklamasi Kemerdekaan,M. Junaedi Al Anshori,PT MAPAN,978-602-8262-30-9,1,Rak R
,Membuat Mainan Tradisional,Hary Triana M.,PT Karsa Mandiri Persabda,978-979-005-035-8,1,Rak R
,Memupuk Semangat Kebangsaan,Susanto & Hika D. Asril Putra,Diknas,,1,Rak R
,Mengenal Organisasi Internasional,"Aep Saefulloh, S.Pd.I",PT Perca,978-979-1491-97-6,1,Rak R
,Mengenal Penyair Dunia dan Indonesia,Iwan Hendrawan,PT Musi Perkasa Utama,978-602-8264-22-8,1,Rak R
,Muhammad Husni Tamrin,Drs. Mardanas Safwan dan Sutrisno Kutojo,Mutiara Sumber Widya,978-979-9331-16-1,1,Rak R
,Panduan Olimpiade Sains Nasional (OSN) perpusdwsteam4 Negeri dan Swasta,Diknas,Diknas,,1,Rak R
,Pedoman Pelaksanaan Pendidikan Lingkungan Hidup,Diknas,Diknas,,1,Rak R
,Pedoman Umum Penyelenggaraan Kegiatan Ekstrakurikuler Pendidikan Agama Islam,Diknas,Diknas,,1,Rak R
,Peluang Usaha Tanpa Modal Besar,Budi Sulistyo,PT Era Adicitra Intermedia,979-3415-23-1,1,Rak R
,Pembuatan Kompos Secara Tradisional,Diknas,Diknas,,1,Rak R
,Pendidikan Agama Islam,Ma'arif,Ma'arif,,1,Rak R
,Pendidikan Pancasila dan Kewarganegaraan perpusdwsteam4 Kls 3,Diknas,Diknas,,1,Rak R
,Pengetahuan Ringkas-II,Istijar T.A.,CV Muara Cipta,,1,Rak R
,Puisi Indonesia Sebelum Kemerdekaan,"Dendy Sugono, Supardi Djoko Damono",Rosda,979-692-293-2,1,Rak R
,Remaja Unggul Kamukah Itu?,Imam Ratrioso,Nobel,978-602-8123-82-2,1,Rak R
,Rukun Dengan Lingkungan Sekitar,Syifa Nurul Fadilah,PT Sarana Panca Karya Nusa,978-979-678-342-7,1,Rak R
,Si Cebol Rindukan Bulan,Aman Dt. Majoindo,Balai Pustaka,979-666-166-7,1,Rak R
,Teknik Pembelajaraan Bahasa dan Sastra,Suyatno,Sic,979-9414-18-0,1,Rak R
,Terampil Menulis Surat,Prof. Drs. M. Atar Semi,Titian Ilmu,978-979-027-223-5,1,Rak R
,Terampil Menulis Surat,Fajar M.N.,PT Puri Delco,978-602-8713-28-3,1,Rak R
,Undang-undang nomor : 25 Tahun 1992 Tentang Perkoperasian,,CV Mini Jaya Abadi,,1,Rak R
,Aku Ingin Indonesia Jaya,Umi Istiqomah,PT Widya Duta Grafika,979517249-2,1,Rak T
,Always English,"Erna Fitrini, Ratih Sumiratingratri",Cahaya Pustaka Raga,978-602-8155-83-0,1,Rak T
,Asyiknya Mempelajari Bangun Datar Segitiga,Nur Aksin,Intan Pariwara,979-28-0531-4,1,Rak T
,"Awas Bahaya Napza Narkoba, Psikotropika dan Zat Adiktif",Barmin BA,CV Swakarya,979-3763-11-6,1,Rak T
,Badan Usaha,Erna Susilowati,PT Widya Duta Grafika,979517544-0,1,Rak T
,Badan-badan Usaha,"Dyah Sudarsi, S.E.",Era Pustaka Utama,978-602-8024-06-8,1,Rak T
,Bangsa Bahari,Adhyaksa Dault,Citra Aji Parama,602-8227-44-5,1,Rak T
,Bangsaku Bangsa Yang Besar,Sholehuddin&Saefullah,Diknas,978-979-056-065-9,1,Rak T
,Barter,Achmad Buchory,CV Putra Nugraha,978-602-8092-86-9,2,Rak T
,Belajar Mengarang Dari Narasi Hingga Argumentasi,Drs. Asrom Drs. Gunawan Drs. Slamet Samsoerizal Drs. Syukur Budihardjo,Erlangga,,1,Rak T
,Beraneka Ragam Reptil,Jodi Andrea,PT Sandiarta Sukses Bandung,978-602-8148-48-1,1,Rak T
,Berlayar Dari Pulau ke Pulau,Adhyaksa Dault,Citra Aji Parama,602-8227-3804,1,Rak T
,Beternak Lebah Peluang Bisnis Semua Orang,Bambang Marhiyanto,Sic,979-9415-43-8,1,Rak T
,Buah-buahan,Endyah Murniati,Sic,979-9415-75-6,1,Rak T
,Budi Pekerti,"Sumirin, M.Pd.",CV Sinar Cemerlang Abadi,978-979-736-806-7,1,Rak T
,Budi Pekerti  1,Drs. Loso,CV Sinar Cemerlang Abadi,979-736-746-0,2,Rak T
,Budi Pekerti 3,"Sumirin, M.Pd.",CV Sinar Cemerlang Abadi,978-979-736-806-7,1,Rak T
,Cara Mudah Belajar Organisasi,"M. Ihsan Fauzi, S.Si.",Diknas,978-602-8237-28-4,2,Rak T
,Cara Praktis Belajar Bordir,Khusnul K. Sumar Ama,Insan Cendekia,979-9408-93-8,1,Rak T
,Cipta Karya Pembangunan Bidang Kerajinan,Tj. Arisman,CV Rian Utama,978-979-8843-22-3,1,Rak T
,English Everywhere,"Erna Fitrini, Ratih Sumiratingratri",Cahaya Pustaka Raga,978-602-8155-81-6,2,Rak T
,English is Cool,"Erna Fitrini, Ratih Sumiratingratri",Cahaya Pustaka Raga,978-602-8155-84-7,1,Rak T
,English Is Fun,"Erna Fitrini, Ratih Sumiratingratri",Cahaya Pustaka Raga,978-602-8155-85-4,1,Rak T
,Ensiklomini Matematika Perkalian dan Pembagian,Ulfah Mardiah,Sahabat,978-979-029-082-9,1,Rak T
,Ensiklopedia Matematika Terapan Matematika Dalam Lingkungan,Sue Thomson  Ian Forster,Cempaka Putih,979-662-444-7,1,Rak T
,Hubungan Internasional,Amin Suprihatini,Cempaka Putih,979-662-237-5,1,Rak T
,I Love English,"Erna Fitrini, Ratih Sumiratingratri",Cahaya Pustaka Raga,978-602-8155-82-3,1,Rak T
,I Speak English,"Erna Fitrini, Ratih Sumiratingratri",Cahaya Pustaka Raga,978-602-8155-78-6,1,Rak T
,Indonesia Bagian Dari Dunia,Devi Andriana,PT MAPAN,978-602-8262-29-3,1,Rak T
,Ipa Dalam Kehidupan Sehari-hari,"Andri Panduweni, S.Si.",Intan Pariwara,979-28-0530-7,1,Rak T
,Jurnalistik Untuk Remaja,Bambang Trimansyah,PT Karya Kita,979-9282-83-7,1,Rak T
,Karate,Muhammad Rhadian,PT Indahjaya Adipratama,978-979-24-1619-0,1,Rak T
,Keterampilan Menyimak dan Berbicara 1,"Engkus Kuswandi, S.Pd",CV Ipa Abong,978-979-3077-44-4,1,Rak T
,Keterampilan Menyimak dan Berbicara 2,"Engkus Kuswandi, S.Pd",Insan Cendekia,978-979-3077-45-1,1,Rak T
,Ketrampilan Membentuk Tanah Liat,Endyah Murniati,Sic,979-9415-79-9,1,Rak T
,Kiat Menulis Cerita Pendek,Harris Effendi Thahar,Angkasa Bandung,978-979-665-562-4,1,Rak T
,Kisah-kisah Terpilih Kumpulan Cerita dari Majalah Hidayah Edisi 1-12,Eep Khunaefi,PT Dian Rakyat,,1,Rak T
,Koperasi Syariah,"Fitri Nurhartati, S.Pd.   Ika Saniati Rahmaniyah, A.Md.",Era Adicitra Intermedia,978-602-8237-30-7,1,Rak T
,Laut Sebagai Pemersatu Bangsa,Adhyaksa Dault,Citra Aji Parama,602-8227-45-2,1,Rak T
,Lindungi Kami,Aang Athorida,Intimedia,978-979-056-038-3,1,Rak T
,Mahir Akutansi Dengan Cara Sederhana,Siti Nurhasanah. S.E., Era Pustaka Utama,978-602-8024-04-4,1,Rak T
,Manajemen Pendidikan Untuk Peningkatan Bangsa,Yana Wardana,PT Pribumi Mekar,978-602-8142-33-5,1,Rak T
,Masyarakat Pesisir Menatap Masa Depan,Adhyaksa Dault,Citra Aji Parama,602-8227-39-1,1,Rak T
,Masyarakat: Sendi Dasar Kehidupan Berbangsa,Via Dwi Laning  Endar Wismulyani,PT JePe Press Media Utama,602-8567-03-9,1,Rak T
,Mengenal Ekspor dan Impor,Agung Faryanto,Cempaka Putih,979-662-288-7,1,Rak T
,Menjahit Sendiri Seragam Sekolah,S. Purnamawati,Insan Cendekia,979-9408-77-6,1,Rak T
,Musyawarah Untuk Mufakat,Yudi Suparyanto,Diknas,979-662-381-5,2,Rak T
,Ngoko Krama Inggil Bahasa Indonesia,Endang Dwi Lestari,Intan Pariwara,979-28-0731-8,1,Rak T
,Pancasila dan Eksistensi NKRI,Wahjudi Djaja,PT JePe Press Media Utama,979-1490-96-2,1,Rak T
,Pancasila di antara Ideologi Besar Dunia,Wahjudi Djaja,Cempaka Putih,979-662-378-5,1,Rak T
,Pandangan Para Ulama Tentang Anak Saleh,"H. Cucu Syamsuddin M, Ag",PT Panca Anugerah Sakti,,1,Rak T
,Pariwisata Bahari Nusantara,Adhyaksa Dault,Citra Aji Parama,602-8227-36-0,1,Rak T
,Pemerintah Indonesia Dalam Tiga Konstitusi,"Prof.Drs.C.S.T. Kansil, SH  Christine S.T. Kansil, SH,MH",PT Perca,978-979-1491-76-1,1,Rak T
,Pengetahuan Dasar Seni Teater,O. Lesmana,PT MAPAN,978-602-8262-02-6,1,Rak T
,Peran Masyarakat Dalam Otonomi Daerah ,Moh. Rofii Adji Sayekti,Cempaka Putih,979-662-384-6,1,Rak T
,"Peta, Denah dan Ekosistem",Pam Robson,PT Gading Inti Prima,0-7496-4216-5,1,Rak T
,Pola Gerak Dalam Senam 1,Drs. Hendra Agusta,CV Ipa Abong,978-979-3077-66-6,1,Rak T
,Pola Gerak Dalam Senam 2,Drs. Hendra Agusta,CV Ipa Abong,978-979-3077-67-3,1,Rak T
,Pola Hidup Sehat Dalam Keluarga,Iswanto,Sunda Kelapa Pustaka,979-28-0231-3,1,Rak T
,Public Speaking,Helena Olii,PT Indeks,979-683-826-5,1,Rak T
,Rahasia Penampakan Bumi dan Langit,Endang Purwanti,Intan Pariwara,979-28-0539-0,1,Rak T
,Saya Bangga Jadi Anak Indonesia,Shalehuddin & Saefullah,Diknas,978-602-8823-16-6,1,Rak T
,Sejarah Kabinet-kabinet di Indonesia 7,Fidelara,Diknas,978-602-8257-55-8,2,Rak T
,Sekitar Kita ; Lensa dan Cahaya,Richard Platt,Grafindo,978-979-758-484-9,1,Rak T
,Semantik 2 Pemahaman Ilmu Makna,Prof.Dr.Hj.T. Fatimah Djajasudarma,Aditama,978-602-8650-10-6,2,Rak T
,Serba Serbi Energi,Dian Malini Oktovina,Nobel,978-602-8123-37-2,1,Rak T
,Sikap dan Moral Penentu Kesuksesan,Dra. Hj. Srimulyati,PT Sindur Press,978-979-1493-39-0,1,Rak T
,Sopan Santun Berlalu Lintas,Alnurrizki Muthfisari,PT Maraga Borneo Tarigas,979-16367-2-9,1,Rak T
,Sumber Daya Kelautan,Adhyaksa Dault,Citra Aji Parama,602-8227-37-7,2,Rak T
,Tafsir 5 Juz 'amma For Kids 'Abasa-An-Naba',Muhammad Muslih,Tiga Serangkai,978-979-018-986-7,1,Rak T
,Terampil Berbahasa Arab,"Zuhri M. Toha, S.Th.I",Insan Madani,978-979-1409-20-9,1,Rak T
,Terampil Menulis Surat,Fajar M.N.,PT Puri Delco,978-602-8713-28-3,1,Rak T
,Transpormasi di Indonesia Dari Masa ke Masa,Endar Wismulyani,Cempaka Putih,979-662-320-4,2,Rak T
,Uang ,Achmad Buchory,CV Putra Nugraha,978-602-8092-85-2,1,Rak T
,Waspadai Kekerasan di Sekitar Kita,"Tammi Prastowo, S.Sos.",Diknas,979-16367-1-0,1,Rak T
,We All Speak English,"Erna Fitrini, Ratih Sumiratingratri",Cahaya Pustaka Raga,978-602-1557-9-3,1,Rak T
,Air Meluap Timbullah Bencana,"Sri Mintarjo, S.Si.",Pakar Raya,979-534-424-7,1,Rak U
,Akhlak Mulia Hidup Sehat,"Prof. Dr. Achmad Mubarok, M.A.  Asy'ari, S.Pd., M.Pd.",Wahana Aksara Prima,978-602-8147-01-9,1,Rak U
,Aksesori Dari Barang Bekas,Bagas Shinugi,PT Mediantara Semesta,978-979-1276-73-3,1,Rak U
,Asyik Bereksperimen 2,Retna Masita,Sic,979-9926-54-8,1,Rak U
,Asyiknya Bereksperimen 1,Retna Masita,Sic,979-9926-53-X,1,Rak U
,Asyiknya Mempelajari Bangun Datar Segitiga,Nur Aksin,Intan Pariwara,979-28-0531-4,1,Rak U
,"Atom, Ion dan Molekul Beserta Aplikasinya",Suntari,Intan Pariwara,979-28-0401-0,2,Rak U
,"Awas Bahaya Napza Narkoba, Psikotropika dan Zat Adiktif",Barmin BA,CV Swakarya,979-3763-11-6,2,Rak U
,Ayo Hidup Sehat,Ichsania Alya N.,PT Sarana Panca Karya Nusa,978-979-678-341-0,1,Rak U
,Ayo Mengenal Penyakit Menular Di Sekitar Kita,Meilany,PT Mediantara Semesta,978-979-1844-50-5,1,Rak U
,Bagaimana Hewan dan Tumbuhan Mempertahankan Diri?,Wigati Hadi Omegawati,Intan Pariwara,979-28-0540-6,2,Rak U
,Bahasa Indonesia Untuk perpusdwsteam4 Kelas VII,"Nurhad, Dawud dan Yuni Pratiwi",Erlangga,978-979-015-115-4,1,Rak U
,Bencana Alam dan Masa Depan Bumi,"Herlina Rahmawati, S.Si",Nobel,978-602-8219-69-3,2,Rak U
,"Berat, Waktu dan Pengukuran",Didik Djunaedi,PT Gading Inti Prima,978-602-8608-68-8,2,Rak U
,Beternak Lebah Peluang Bisnis Semua Orang,Bambang Marhiyanto,Sic,979-9415-43-8,1,Rak U
,Bimbingan & Konseling Dalam Berbagai Latar Kehidupan,"Dr. Achmad Juntika Nurihsan, M.Pd.",Refika Aditama,979-1073-24-4,2,Rak U
,Binaraga,S. Ahmad Yudoyono,PT Indahjaya Adipratama,978-979-24-1623-7,1,Rak U
,Biologi Dalam Kehidupan Kita,Hadian Yufan,Inti Prima Aksara,978-979-1233-44-6,1,Rak U
,Bob's Pranks and Other Stories,Renata Pohan,Cahaya Pustaka Raga,978-628-8155-73-1,1,Rak U
,Cahaya Di Alam Semesta,Weni R. Dkk,PT Mediantara Semesta,978-979-1276-48-1,2,Rak U
,Cakrawala Sains Serba Serbi Energi,Dian Malini Oktovina,Nobel,978-602-8123-37-2,1,Rak U
,English On Sky,"Mukarto, M.Sc.",Erlangga,979-741-216-4,1,Rak U
,Ensiklopedia Alam Semesta,Rositawaty,Grafindo,979-758-268-X,1,Rak U
,Ensiklopedia Anak Nasional,"Caesar, Julius Sampai Fahruddin, Kiai Haji",PT Delta Pamungkas,979-9327-19-9,1,Rak U
,Ensiklopedia Indonesia Seri Fauna Mamalia 1,W. Van Hoeve,PT Ichtiar Baru Van Hoeve,979-8276-17-5,1,Rak U
,Ensiklopedia Indonesia Seri Fauna Serangga,W. Van Hoeve,PT Ichtiar Baru Van Hoeve,979-8276-20-5,2,Rak U
,Ensiklopedia Tanya&Jawab Keliling Dunia,Brian Williams,Pakar Raya,979-534-261-4,1,Rak U
,Fisika dalam Kehidupan Kita,"dr. Asep Supriatna, M.Si  Drs. Taufik Ramlan, M.Si",Ipa Abong,978-979-3077-01-7,1,Rak U
,Flora Yang Menakjubkan,Muhammad Khalid Zulfikar,CV Habsa Jaya,979269790-2,1,Rak U
,Hutan,"L. Colvin, E. Speare",PT Gading Inti Prima,978-979-3846-98-9,1,Rak U
,Ilmu Kebumian dan Antariksa,"Prof. Dr. H. Bayong Tjasyono HK., DEA",Rosda,979-692-595-8,1,Rak U
,Indonesia Heroes Stories,Ahmad Thommy H. S.S,Era Pustaka Utama,978-602-8024-09-9,1,Rak U
,Keanekaragaman Hayati,Susi Laelawati,Nobel,978-602-8219-67-9,2,Rak U
,Kebugaran dan Kesehatan,Ermanawati,Ricardo,978-602-8349-83-3,1,Rak U
,Kehidupan Binatang,Sally Hewitt,PT Gading Inti Prima,0-7496-4479-6,1,Rak U
,Kehidupan di Air,"L. Colvin, E. Speare",PT Gading Inti Prima,978-979-3846-96-5,1,Rak U
,Kemampuan Berpikir Kritis Matematika,Dina Mayadiana Suwarma,Cakrawala Maha Karya,978-979-15753-5-3,1,Rak U
,Kesabaran dan Perencanaan,Richard Platt,Grafindo,978-979-758-486-3,1,Rak U
,Keterampilan Dari Kertas,Bagas Shinugi,PT Mediantara Semesta,978-979-1276-72-6,1,Rak U
,Kimia Dalam Kehidupan Kita,"Dr. Anna Permanasari, M.Si Drs. Bibin Rubini, M.Pd",Ipa Abong,978-979-3077-00-0,1,Rak U
,Letusan Gunung Berapi,Weni R. Dkk,PT Mediantara Semesta,978-979-1276-39-9,1,Rak U
,Lindungi Kami ,Aang Athorida,Inti Media,978-979-056-038-3,1,Rak U
,Mari Bereksperimen Dengan Sains,R. Nurfadilah,PT Musi Perkasa Utama,978-602-8264-12-6,1,Rak U
,Matematika Dalam Televisi,Simon Garner,Cempaka Putih,979-662-449-2,1,Rak U
,Membuat Karakter,Bagas Shinugi,PT Mediantara Semesta,978-979-1276-60-3,2,Rak U
,Menangkal Narkoba dan Kekerasan,"dr. Lydia Harlina Martono, S.K.M.  dr. Satya Joewana, Sp.K.J.",Balai Pustaka,979-690-087-4,6,Rak U
,Menentukan Posisi dan Mengolah Data,,PT Gading Inti Prima,978-602-8608-67-1,1,Rak U
,Mengenal Alat Musik Untuk SD dan perpusdwsteam4,Rima Yuliastuti,Tiga Serangkai,978-979-045-576-4,1,Rak U
,Mengenal Bahaya Narkoba,Edi Warsidi,Grafindo,979-758-269-8,1,Rak U
,Mengenal Bantuan,Ahmad Senjaya,CV Wahana Iptek Bandung,602813410-8,1,Rak U
,Mengenal Cuaca dan Iklim di Indonesia,"Iswanto, S.Si.",Pakar Raya,979-534-429-2,1,Rak U
,Mengenal Gerak,Candra Hermanto,PT Albama,978-602-3168-42-2,1,Rak U
,Mengenal Kehidupan Hewan,Dadan Ahmad S.,Grafindo,979-758-264-7,1,Rak U
,Mengenal Moluska,"Hendrawati, Ria Novita Sari",Intimedia,978-602-8823-04-3,1,Rak U
,Mengenal Pertolongan Pertama Pada Kecelakaan,Yuda Hergana,Intimedia,978-979-056-037-6,1,Rak U
,Mengenal Produk Nasional Batik dan Tenun,Teguh Prayitno,PT Sindur Press,978-979-1493-73-4,1,Rak U
,Mengenal Seni Lukis,Weni R. Dkk,PT Mediantara Semesta,978-979-1276-55-9,1,Rak U
,Mengenal Tubuh Kita,"Yana Sutisna, S.Si.",Angkasa Bandung,978-979-665-897-6,1,Rak U
,Menguak Misteri Tubuh Tumbuhan,Siti Nurkhayati,Intan Pariwara,979-28-0394-5,1,Rak U
,Mengukur Bangun Ruang Tabung,Nurul Azizah,Intan Pariwara,979-28-0535-2,1,Rak U
,Menyelidiki Matahari,Hs. Mardiyah,PT Musi Perkasa Utama,978-602-8264-10-5,1,Rak U
,Mewaspadai Gempa Bumi dan Stunami,Purwoko Adi Seno,PT Widya Duta Grafika,979517442-8,1,Rak U
,Ngoko Krama Inggil Bahasa Indonesia,Endang Dwi Lestari,Intan Pariwara,979-28-0731-8,1,Rak U
,Pencegahan dan Penanggulangan Penyalahgunaan Narkoba,"dr. Lydia Harlina Martono,S.K.M.  dr. Satya Joewana, Sp.K.J.",PT Balai Pustaka,979-690-325-3,1,Rak U
,Penciptaan Teknologi,Barbara Taylor,Pakar Raya,978-534-259-2,1,Rak U
,Peningkatan dan Pengayaan Matematika 1,"Prof. Wahyudin   Drs. Sudrajat, M.Pd",Ipa Abong,978-979-3077-19-2,1,Rak U
,Peningkatan dan Pengayaan Matematika 2,"Prof. Wahyudin   Drs. Sudrajat, M.Pd",Ipa Abong,978-979-3077-20-8,1,Rak U
,Percobaan Terhadap Zat,M.N. Adzkiya,CV Megah Jaya,978-602-8382-06-9,1,Rak U
,"Peta, Denah dan Ekosistem",Pam Robson,PT Gading Inti Prima,978-602-8608-70-1,1,Rak U
,Rahasia Penampakan Bumi dan Langit,Endang Purwanti,Intan Pariwara,979-28-0539-0,1,Rak U
,Referensi Matematika Dalam Kehidupan Manusia 1,"DR. Wahyudin  Drs. Sudrajat, M.Pd",Ipa Abong,978-979-3077-28-4,1,Rak U
,Referensi Matematika Dalam Kehidupan Manusia 2,"DR. Wahyudin  Drs. Sudrajat, M.Pd",Ipa Abong,978-979-3077-29-1,2,Rak U
,Referensi Matematika Dalam Kehidupan Manusia 4,"DR. Wahyudin  Drs. Sudrajat, M.Pd",Ipa Abong,978-979-3077-31-4,1,Rak U
,Rumput Laut,Dwi Ratna Herniati,Rizky Grafis,978-602-8179-96-6,1,Rak U
,Sains Untuk Pemula 1 Mari Bermain Gerak,"Drs. Suhendiana Noor,  Dra. Ida Kaniawati, M.Si.",PT Setia Purna,979-1192-13-8,1,Rak U
,Sains Untuk Pemula 5 Mari Bermain Bunyi,"Drs. Suhendiana Noor,  Dra. Ida Kaniawati, M.Si.",PT Setia Purna,979-1192-17-0,1,Rak U
,Sains Untuk Pemula 6 Mari Bermain Cahaya,"Drs. Suhendiana Noor,  Dra. Ida Kaniawati, M.Si.",PT Setia Purna,979-1192-18-9,1,Rak U
,Sains Untuk Pemula 7 Mari Bermain Listrik Statis,"Drs. Suhendiana Noor,  Dra. Ida Kaniawati, M.Si.",PT Setia Purna,979-1192-19-7,2,Rak U
,Sains Untuk Pemula 8 Mari Bermain Magnet,"Drs. Suhendiana Noor,  Dra. Ida Kaniawati, M.Si.",PT Setia Purna,979-1192-20-0,,Rak U
,Sains Untuk Pemula 9 Mari Bermain Elektromagnetik,"Drs. Suhendiana Noor,  Dra. Ida Kaniawati, M.Si.",PT Setia Purna,979-1192-21-9,2,Rak U
,Sampah Jadi Uang,Endang Purwanti,SMK,978-979-1136-59-4,1,Rak U
,Satwa dan Tumbuhan Langka,Dra. Hartini Etik Widayati,Caraka Darma Aksara,979-1457-00-X,1,Rak U
,Sekitar Kita; Lensa dan Cahaya,Richard Platt,Grafindo,978-979-758-484-9,1,Rak U
,Senang Mencoba Sains,Nisa Bastian,Galeri Lontara,979-9417-57-0,1,Rak U
,Senang Mencoba Sains,Kiki,Galeri Lontara,979-9417-47-3,1,Rak U
,Senang Mencoba Sains,Isna,Galeri Lontara,979-9417-55-4,1,Rak U
,Seri Sains Dasar Mengenal Gerak 1,Candra Hermanto,PT Albama,978-602-3168-42-2,2,Rak U
,Seri Sains Dasar Mengenal Keseimbangan 2,Daryanto Nurhidayat,PT Albama,978-602-3168-43-9,2,Rak U
,Speaking English at Home and School,"Erna Fitrini,  Ratih Sumiratingratri",Cahaya Pustaka Raga,978-602-8155-80-9,1,Rak U
,Terampil Membuat Kerajinan Tangan,"Joko Santoso, S.Pd",Inti Prima Aksara,978-979-1233-42-2,1,Rak U
,UKS,Ahmad Selvia,Masmedia Buana Pustaka,602850475-0,1,Rak U
,Waspadai PMS di Kalangan Remaja,"Sri Mintarjo, S.Si.",Sunda Kelapa Pustaka,979-3632-77-3,1,Rak U
,Beraneka Ragam Hewan Berbuku-buku,Auliya Putri,PT Sandiarta Sukses Bandung,978-602-8148-38-2,1,Rak X
,Dr. Sutomo,B.A. Saleh,CV Citra Praya,979-9281-66-0,1,Rak X
,Ensiklomini Kejayaan Bangsaku,Okta N.,Sahabat,979-029-087-X,2,Rak X
,"Ensiklopedia, Sahabatku",Janu Ismadi,Ricardo,978-979-3644-27-1,1,Rak X
,Gerakan Kerak Bumi dan Akibatnya,Safitri Yosita Ratri,Cempaka Putih,979-662-329-7,,Rak X
,H.O.S Tjokroaminoto,B.A. Saleh,CV Citra Praya,979-9281-67-9,1,Rak X
,Kiai Haji Ahmad Dahlan,B.A. Saleh,CV Citra Praya,979-9281-68-7,3,Rak X
,Memajukan Daerah Tertinggal,Hardjana HP,Mediatama,9797394409,1,Rak X
,Mengenal Bentuk-bentuk Konservasi Alam,Winarti,Cempaka Putih,979-662-357-0,1,Rak X
,Mengenal Situs Sangiran (Kehidupan Purba di Indonesia),Wahjudi Djaja,Cempaka Putih,979-662-344-0,1,Rak X
,Mengenal Tokoh-tokoh Pergerakan Nasional,Enny Sukasih,Mediatama,9797399737,1,Rak X
,Mohammad Hatta,B.A. Saleh,CV Citra Praya,979-9281-72-5,1,Rak X
,Panglima Besar Jenderal Soedirman,B.A. Saleh,CV Citra Praya,979-9281-73-3,2,Rak X
,"Peta, Atlas Dan Globe",Winarti,Cempaka Putih,979-662-347-1,2,Rak X
,Raden Ajeng Kartini,B.A. Saleh,CV Citra Praya,979-9281-69-5,1,Rak X
,Saya Bangga Menjadi Anak Indonesia,Sholehuddin & Saefullah,Diknas,978-602-8823-16-6,1,Rak X
,Sejarah Indonesia 1 Zaman Prasejarah,Eko Praptanto,BSD MIPA,978-979-050-015-0,2,Rak X
,Sejarah Indonesia 10 Zaman Reformasi,Eko Praptanto,BSD MIPA,978-979-050-024-2,1,Rak X
,Sejarah Indonesia 5 Zaman Kebangkitan Nasional,Eko Praptanto,BSD MIPA,978-979-050-019-8,1,Rak X
,Sejarah Indonesia 7 Zaman Kemerdekaan dan Diplomasi Mempertahankan Kemerdekaan,Eko Praptanto,BSD MIPA,978-979-050-021-1,2,Rak X
,Sejarah Indonesia 8 Zaman Orde Lama,Eko Praptanto,BSD MIPA,978-979-050-022-8,2,Rak X
,Sejarah Indonesia 9 Orde Baru,Eko Praptanto,BSD MIPA,978-979-050-023-5,2,Rak X
,Seri Ide Cemerlang Kehidupan Sehari-hari Dan Kesehatan,Richard Platt,Grafindo,978-979-758-483-2,2,Rak X
,Seri Ide Cemerlang Listrik,Richard Platt,Grafindo,978-979-758-485-6,2,Rak X
,Si Tukang Sablon,Seno Subro,Tiga Serangkai,978-979-040-044-3,2,Rak X
,Surat Untuk Ibu Negara,Sari Pusparini Soleh,Rosda,979-692-827-2,2,Rak X
,Teknik Membaca Peta Dan Kompas,N.S. Adiwiyono,Angkasa Bandung,978-979-665-548-2,1,Rak X
,The Mouse Deer Cheats The Farmer And Other Stories,Didik Djunaedi,Cahaya Pustaka Raga,978-602-8155-01-4,1,Rak X
,Tsunami Bahaya Yang Diabaikan,Edward Bryant,Pakar Raya,979-534-277-0,1,Rak X
,Wadah-wadah Praktis,Bagas Shinugi,PT Mediantara Semesta,978-979-1276-62-7,1,Rak X
,Wawasan Nusantara,Yudi Suparyanto,Cempaka Putih,979-662-390-7,1,Rak X
,Sejarah Indonesia 6 Zaman Pendudukan Jepang dan Kemerdekaan Indonesia,Eko Praptanto,BSD MIPA,978-979-050-020-4,2,Rak X
,Karena Sombong dan Serakah,Ichwan Budi Utomo,Mediatama,9797395871,1,Rak X
,Sejarah Indonesia 3 Zaman Modern Awal,Eko Praptanto,BSD MIPA,978-979-050-017-4,2,Rak X
,Masyarakat Pesisir Menatap Masa Depan ,Adhyaksa Dault,Citra Aji Parama,602-8227-39-1,1,Rak X
,Ir. Soekarno,Wahjudi Djaja,Cempaka Putih,979-662-460-7,1,Rak X
,Satuan Pendidikan Sekolah Lanjutan Tingkat Pertama (SLTP),Diknas,Diknas,,1,Rak X
,IPS TERPADU Kelas IX Semester 1,PR,Intan Pariwara,,1,Rak X
,Alam Sekitar Kita,"L. Colvin, E. Speare",PT Gading Inti Prima,978-979-3846-95-8,1,Rak X
,IPS EKONOMI Untuk SLTP Kelas 1,"Drs. H. Bambang Banu Siswono, MM, dkk",UM PRESS,979-495-465-9,1,Rak X
,Prasejarah,Rochman Suryana,Rosda,979-514-547-9,2,Rak X
,Usborne Ensiklopedia Pertama Terhubung Dengan Internet Tubuh Kita,Fiona Chandler,PT Gading Inti Prima,978-979-3846-41-5,1,Rak X
,H. Agus Salim,"Sutrisno Kutoyo, Drs. Mardanas Safwan",Mutiara Sumber Widya,978-979-9331-13-7,1,Rak X
,Disney's Ensiklopediku Yang Pertama Serangga-Tawon,Cecilia Lukman,PT Intermasa,0-7172-8162-0,1,Rak X
,"Awas Bahaya Napza Narkoba, Psikotropika dan Zat Adiktif",Barmin BA,CV Swakarya,979-3763-11-6,1,Rak X
,Mengenal Antartika Dan Arktika,,,,1,Rak X
,,,,,,
,,,,,,
